LRPName,avg_earthquake_score
LRP001a,0.569078947368421
LRP001b,0.586111111111111
LRP001c,0.5297029702970297
LRP001d,0.618421052631579
LRP001e,0.5
LRP001f,0.33333333333333337
LRP001g,0.33333333333333337
LRP001k,0.5
LRP002a,0.5844594594594594
LRP002b,0.5566502463054188
LRP002c,0.5296610169491525
LRP002d,0.5945945945945945
LRP002e,0.4782608695652174
LRP002f,0.5
LRP002g,0.6666666666666667
LRP002h,0.5
LRP002i,0.5
LRP002j,0.5
LRP003a,0.5829831932773109
LRP003b,0.5724637681159421
LRP003c,0.5892857142857142
LRP003d,0.5681818181818181
LRP003e,0.5
LRP003f,0.55
LRP003g,0.4
LRP003h,1.0
LRP003i,0.5
LRP004a,0.5899772209567198
LRP004b,0.5941176470588236
LRP004c,0.5613207547169812
LRP004d,0.47058823529411764
LRP004e,0.43333333333333335
LRP004f,0.33333333333333337
LRP004g,0.0
LRP004i,0.33333333333333337
LRP004k,0.0
LRP005a,0.5962025316455697
LRP005b,0.54
LRP005c,0.5904761904761904
LRP005d,0.5543478260869565
LRP005e,0.5625
LRP005f,0.6875
LRP005g,0.5
LRP005h,0.5
LRP006a,0.597051597051597
LRP006b,0.5974842767295598
LRP006c,0.586021505376344
LRP006d,0.5344827586206897
LRP006e,0.40909090909090906
LRP006f,0.19999999999999996
LRP006g,0.5
LRP006h,0.0
LRP007a,0.6117021276595744
LRP007b,0.5597014925373134
LRP007c,0.54
LRP007d,0.515625
LRP007e,0.5714285714285714
LRP007f,0.41666666666666663
LRP007g,0.5
LRP007h,0.5
LRP007i,0.5
LRP007k,0.5
LRP008a,0.5787500000000001
LRP008b,0.5629629629629629
LRP008c,0.553191489361702
LRP008d,0.5789473684210527
LRP008e,0.6499999999999999
LRP008f,0.5
LRP008g,0.5
LRP008k,0.5
LRP009a,0.5749279538904899
LRP009b,0.5629921259842521
LRP009c,0.6081081081081081
LRP009d,0.55
LRP009e,0.4545454545454546
LRP009f,0.0
LRP009g,0.25
LRP009j,0.0
LRP009k,0.0
LRP010a,0.57439446366782
LRP010b,0.5450819672131149
LRP010c,0.5421686746987953
LRP010d,0.3846153846153846
LRP010e,0.6363636363636365
LRP010f,0.5
LRP011a,0.5616883116883118
LRP011b,0.5285714285714285
LRP011c,0.5
LRP011d,0.5555555555555556
LRP011e,0.4642857142857143
LRP011f,0.33333333333333337
LRP011g,0.25
LRP011h,0.5
LRP012a,0.5892857142857142
LRP012b,0.5333333333333334
LRP012c,0.5078125
LRP012d,0.5192307692307692
LRP012e,0.5909090909090908
LRP012f,0.30000000000000004
LRP012g,0.4285714285714286
LRP012i,0.5
LRP012j,0.5
LRP013a,0.566420664206642
LRP013b,0.5984251968503937
LRP013c,0.5384615384615385
LRP013d,0.5925925925925926
LRP013e,0.4545454545454546
LRP013f,0.33333333333333337
LRP013g,0.30000000000000004
LRP013h,0.33333333333333337
LRP013i,0.0
LRP013j,0.0
LRP013k,0.0
LRP014a,0.5490566037735849
LRP014b,0.5476190476190477
LRP014c,0.5514705882352942
LRP014d,0.5625
LRP014e,0.5
LRP014f,0.6000000000000001
LRP015a,0.5868725868725868
LRP015b,0.5384615384615385
LRP015c,0.5238095238095237
LRP015d,0.5652173913043479
LRP015e,0.4444444444444444
LRP015f,0.0
LRP015h,0.5
LRP016a,0.5432098765432098
LRP016b,0.5862068965517242
LRP016c,0.5
LRP016d,0.34782608695652173
LRP016e,0.5
LRP016f,0.5
LRP017a,0.5738095238095238
LRP017b,0.6388888888888888
LRP017c,0.55
LRP017d,0.5714285714285714
LRP017e,0.5625
LRP017f,0.6666666666666667
LRP017g,0.0
LRP017i,0.0
LRP018a,0.5965346534653466
LRP018b,0.4593023255813954
LRP018c,0.49056603773584906
LRP018d,0.5357142857142858
LRP018e,0.6875
LRP018f,0.5
LRP018g,0.5
LRP018i,0.5
LRP018k,0.5
LRP018m,0.5
LRP018o,0.5
LRP019a,0.5909090909090908
LRP019b,0.5874999999999999
LRP019c,0.5731707317073171
LRP019d,0.5588235294117647
LRP019e,0.5
LRP019f,0.5
LRP020a,0.5479041916167664
LRP020b,0.6041666666666667
LRP020c,0.47959183673469385
LRP020d,0.5263157894736843
LRP020e,0.5625
LRP021a,0.6312849162011174
LRP021b,0.515625
LRP021c,0.609375
LRP021d,0.6363636363636365
LRP021e,0.5555555555555556
LRP021f,0.5
LRP022a,0.6000000000000001
LRP022b,0.5975609756097562
LRP022c,0.4655172413793104
LRP022d,0.5
LRP023a,0.5945945945945945
LRP023b,0.5701754385964912
LRP023c,0.564516129032258
LRP023d,0.6111111111111112
LRP023e,0.4
LRP024a,0.6058394160583942
LRP024b,0.6309523809523809
LRP024c,0.5192307692307692
LRP024d,0.5
LRP024e,0.75
LRP024f,0.5
LRP025a,0.6000000000000001
LRP025b,0.5800000000000001
LRP025c,0.5
LRP025d,0.44999999999999996
LRP025e,0.16666666666666663
LRP025f,0.5
LRP025h,1.0
LRP026a,0.627906976744186
LRP026b,0.5945945945945945
LRP026c,0.5909090909090908
LRP026d,0.5
LRP026e,0.625
LRP026f,1.0
LRP027a,0.5874999999999999
LRP027b,0.6363636363636365
LRP027c,0.5576923076923077
LRP027d,0.30000000000000004
LRP027e,0.6666666666666667
LRP027f,0.0
LRP028a,0.6136363636363635
LRP028b,0.5918367346938775
LRP028c,0.40909090909090906
LRP028d,0.5
LRP028e,0.6666666666666667
LRP028f,0.5
LRP028g,0.5
LRP028h,0.0
LRP029a,0.5454545454545454
LRP029b,0.5595238095238095
LRP029c,0.5263157894736843
LRP029d,0.5454545454545454
LRP029e,1.0
LRP029f,0.75
LRP030a,0.5567010309278351
LRP030b,0.5375000000000001
LRP030c,0.5588235294117647
LRP030d,0.4285714285714286
LRP030e,0.5
LRP030g,0.5
LRP030h,0.5
LRP031a,0.5714285714285714
LRP031b,0.5294117647058822
LRP031c,0.52
LRP031d,0.30000000000000004
LRP031e,0.5
LRP031f,0.5
LRP032a,0.6136363636363635
LRP032b,0.4571428571428572
LRP032c,0.5
LRP032d,0.36363636363636365
LRP032e,0.5
LRP033a,0.6105263157894736
LRP033b,0.5465116279069768
LRP033c,0.6111111111111112
LRP033d,0.4
LRP033e,0.0
LRP034a,0.5666666666666667
LRP034b,0.5151515151515151
LRP034c,0.5555555555555556
LRP034d,0.5
LRP034e,0.5
LRP035a,0.5721649484536082
LRP035b,0.5909090909090908
LRP035c,0.3666666666666667
LRP035d,0.5
LRP035e,0.25
LRP035f,0.5
LRP036a,0.6024096385542168
LRP036b,0.588235294117647
LRP036c,0.6111111111111112
LRP036d,0.2857142857142857
LRP036e,0.375
LRP036f,0.5
LRP037a,0.5864197530864197
LRP037b,0.4464285714285714
LRP037c,0.5555555555555556
LRP037d,0.5
LRP037g,0.5
LRP038a,0.5714285714285714
LRP038b,0.375
LRP038c,0.4642857142857143
LRP038d,0.6666666666666667
LRP038e,0.5
LRP039a,0.5670731707317074
LRP039b,0.42105263157894735
LRP039c,0.5666666666666667
LRP039d,0.3571428571428571
LRP039e,1.0
LRP040a,0.5724637681159421
LRP040b,0.4629629629629629
LRP040c,0.5769230769230769
LRP040d,0.5
LRP040e,0.5
LRP041a,0.5423728813559323
LRP041b,0.4772727272727273
LRP041c,0.5
LRP041e,0.6666666666666667
LRP041f,0.5
LRP042a,0.47619047619047616
LRP042b,0.5333333333333334
LRP042c,0.4117647058823529
LRP042d,0.5
LRP042e,0.5
LRP042g,0.5
LRP043a,0.564516129032258
LRP043b,0.5434782608695652
LRP043c,0.6666666666666667
LRP043d,0.5
LRP043e,1.0
LRP043f,0.75
LRP044a,0.5603448275862069
LRP044b,0.5869565217391304
LRP044c,0.5
LRP044d,0.625
LRP044e,0.75
LRP044f,0.5
LRP044g,0.5
LRP045a,0.5952380952380953
LRP045b,0.631578947368421
LRP045c,0.4444444444444444
LRP045d,0.25
LRP045e,0.5
LRP045f,0.5
LRP045g,0.5
LRP046a,0.5808823529411764
LRP046b,0.5555555555555556
LRP046c,0.5625
LRP046d,0.5
LRP046e,0.5
LRP046f,0.5
LRP046g,0.5
LRP046h,0.5
LRP047a,0.6346153846153846
LRP047b,0.6000000000000001
LRP047c,0.6666666666666667
LRP047d,0.25
LRP047e,0.25
LRP048a,0.6037735849056605
LRP048b,0.5833333333333333
LRP048c,0.25
LRP048d,1.0
LRP049a,0.6296296296296295
LRP049b,0.55
LRP049c,0.6666666666666667
LRP049d,0.5625
LRP049e,0.5
LRP050a,0.5108695652173914
LRP050b,0.6666666666666667
LRP050c,0.625
LRP050d,0.5
LRP051a,0.5816326530612246
LRP051b,0.5714285714285714
LRP051c,0.5909090909090908
LRP051d,0.75
LRP051e,0.5
LRP052a,0.5232558139534884
LRP052b,0.6428571428571428
LRP052c,0.41666666666666663
LRP052d,0.5
LRP052e,0.0
LRP053a,0.5700000000000001
LRP053b,0.605263157894737
LRP053c,0.7
LRP053d,0.8333333333333333
LRP053e,0.5
LRP053f,0.5
LRP053g,0.5
LRP054a,0.627906976744186
LRP054b,0.5
LRP054c,0.5
LRP054d,0.5
LRP054e,0.5
LRP055a,0.5625
LRP055b,0.5625
LRP055c,0.7142857142857142
LRP055d,0.75
LRP055e,0.5
LRP056a,0.5294117647058822
LRP056b,0.5769230769230769
LRP056c,0.5
LRP056d,0.6666666666666667
LRP057a,0.5714285714285714
LRP057b,0.4
LRP057c,0.25
LRP057d,0.5
LRP058a,0.5909090909090908
LRP058b,0.59375
LRP058c,0.5
LRP058d,0.5
LRP058e,0.5
LRP058f,0.5
LRP059a,0.625
LRP059b,0.5
LRP059c,0.38888888888888884
LRP059e,0.0
LRP060a,0.5714285714285714
LRP060b,0.6363636363636365
LRP060c,0.5833333333333333
LRP061a,0.5740740740740742
LRP061b,0.5
LRP061c,0.1875
LRP061d,0.0
LRP061e,0.0
LRP061f,0.0
LRP062a,0.6499999999999999
LRP062b,0.6153846153846154
LRP062c,0.5714285714285714
LRP063a,0.5625
LRP063b,0.8
LRP063c,0.5
LRP064a,0.5535714285714286
LRP064b,0.7142857142857142
LRP064c,0.75
LRP064e,1.0
LRP065a,0.6200000000000001
LRP065b,0.375
LRP065c,0.5
LRP065d,0.0
LRP066a,0.6041666666666667
LRP066b,0.5
LRP066c,0.6000000000000001
LRP066d,0.6666666666666667
LRP066e,0.75
LRP067a,0.6499999999999999
LRP067b,0.7
LRP067c,0.5
LRP067d,0.0
LRP067e,0.25
LRP068a,0.625
LRP068b,0.6666666666666667
LRP068c,0.7
LRP068d,0.75
LRP068e,0.75
LRP068f,0.5
LRP069a,0.5555555555555556
LRP069b,0.5
LRP069c,0.16666666666666663
LRP069d,0.5
LRP069e,0.5
LRP070a,0.5217391304347827
LRP070b,0.625
LRP070c,0.5
LRP070d,0.5
LRP071a,0.6333333333333333
LRP071b,0.7
LRP071c,0.8333333333333333
LRP071e,1.0
LRP072a,0.6153846153846154
LRP072b,0.5
LRP072c,0.75
LRP072d,0.5
LRP072e,1.0
LRP073a,0.625
LRP073b,0.7857142857142858
LRP073c,0.5
LRP073e,0.5
LRP073f,0.5
LRP073g,0.5
LRP074a,0.5
LRP074b,0.625
LRP074c,0.25
LRP075a,0.5526315789473684
LRP075b,0.5833333333333333
LRP075c,0.6666666666666667
LRP076a,0.5277777777777777
LRP076b,0.5625
LRP076c,0.125
LRP076d,0.625
LRP076e,0.5
LRP077a,0.5714285714285714
LRP077b,0.5833333333333333
LRP077c,0.41666666666666663
LRP078a,0.5625
LRP078b,0.7
LRP078c,1.0
LRP079a,0.6428571428571428
LRP079b,0.5625
LRP079d,0.5
LRP080a,0.7142857142857142
LRP080b,0.7857142857142858
LRP080c,0.25
LRP081a,0.6785714285714286
LRP081b,0.8333333333333333
LRP081c,1.0
LRP082a,0.625
LRP082b,0.7
LRP082c,0.5
LRP083a,0.6176470588235294
LRP083b,0.5
LRP083c,0.25
LRP084a,0.5714285714285714
LRP084b,0.7
LRP084c,0.0
LRP085a,0.5833333333333333
LRP085b,0.8333333333333333
LRP085d,1.0
LRP086a,0.7142857142857142
LRP086b,0.875
LRP087a,0.55
LRP087b,0.75
LRP087c,0.5
LRP087d,0.5
LRP088a,0.6785714285714286
LRP088b,0.75
LRP088c,0.5
LRP088d,0.5
LRP088e,0.5
LRP089a,0.7727272727272727
LRP089b,0.75
LRP089c,0.5
LRP089d,0.5
LRP090a,0.6333333333333333
LRP090b,0.5
LRP091a,0.6875
LRP091b,0.5555555555555556
LRP091d,0.5
LRP091e,0.5
LRP092a,0.6000000000000001
LRP092b,0.8333333333333333
LRP092c,0.25
LRP093a,0.7222222222222223
LRP093b,0.8333333333333333
LRP093c,0.5
LRP093e,1.0
LRP094a,0.55
LRP094b,0.5
LRP094c,0.5
LRP095a,0.7222222222222223
LRP095b,0.5
LRP095c,0.6666666666666667
LRP096a,0.6875
LRP096b,0.0
LRP096c,0.33333333333333337
LRP097a,0.6818181818181819
LRP097b,1.0
LRP098a,0.5833333333333333
LRP098b,0.75
LRP098c,1.0
LRP099a,0.6111111111111112
LRP099b,0.25
LRP100a,0.6818181818181819
LRP100b,0.5
LRP101a,0.5833333333333333
LRP101c,0.5
LRP102a,0.5
LRP102c,0.5
LRP103a,0.5
LRP103b,0.6666666666666667
LRP103c,0.5
LRP104a,0.6363636363636365
LRP104c,0.75
LRP105a,0.5454545454545454
LRP105b,0.5
LRP105d,0.5
LRP106a,0.6499999999999999
LRP106b,0.33333333333333337
LRP107a,0.5555555555555556
LRP107b,0.75
LRP108a,0.6428571428571428
LRP108b,0.6000000000000001
LRP109a,0.6111111111111112
LRP109b,0.0
LRP109c,0.25
LRP110a,0.5833333333333333
LRP110b,1.0
LRP110c,0.75
LRP110d,1.0
LRP111a,0.6111111111111112
LRP111b,0.75
LRP111c,0.5
LRP111d,1.0
LRP111e,0.5
LRP111f,0.5
LRP112a,0.5555555555555556
LRP112b,0.5
LRP113a,0.55
LRP113b,0.375
LRP114a,0.5
LRP114b,1.0
LRP114c,0.5
LRP114e,0.5
LRP115a,0.5909090909090908
LRP115b,0.5
LRP115c,0.5
LRP116a,0.6875
LRP116b,0.6666666666666667
LRP116c,0.5
LRP116d,0.8333333333333333
LRP117a,0.5
LRP117b,0.6666666666666667
LRP117d,0.0
LRP118a,0.5714285714285714
LRP118b,0.5
LRP118d,0.25
LRP118e,0.0
LRP118g,0.0
LRP119a,0.5
LRP119b,0.6000000000000001
LRP119c,0.0
LRP120a,0.6666666666666667
LRP120b,0.5
LRP121a,0.7
LRP121b,0.75
LRP121c,0.0
LRP122a,0.6428571428571428
LRP122b,0.6666666666666667
LRP123a,0.6666666666666667
LRP123b,0.5
LRP123c,0.5
LRP123d,0.0
LRP123e,0.0
LRP124a,0.6428571428571428
LRP124c,0.0
LRP125a,0.6875
LRP125b,0.5
LRP125c,0.5
LRP125d,0.0
LRP126a,0.6666666666666667
LRP126b,0.6666666666666667
LRP126c,0.0
LRP126d,0.0
LRP127a,0.5
LRP127b,0.75
LRP127c,0.0
LRP128a,0.5833333333333333
LRP128b,0.6666666666666667
LRP129a,0.6666666666666667
LRP129b,0.375
LRP129c,0.5
LRP129d,1.0
LRP129e,1.0
LRP130a,0.7
LRP130b,0.75
LRP130c,0.6666666666666667
LRP130d,0.0
LRP131a,0.625
LRP131b,0.625
LRP131c,1.0
LRP132a,0.7
LRP132b,0.0
LRP132c,0.0
LRP133a,0.5
LRP133c,0.75
LRP133e,0.5
LRP134a,0.6428571428571428
LRP134b,0.0
LRP134c,0.0
LRP135a,0.6428571428571428
LRP135b,0.5
LRP135c,0.5
LRP135d,0.5
LRP136a,0.8
LRP136c,0.5
LRP136d,0.5
LRP137a,0.7
LRP137b,0.75
LRP138a,0.5714285714285714
LRP138b,0.0
LRP138c,0.5
LRP139a,0.375
LRP139b,0.5
LRP140a,0.41666666666666663
LRP140c,0.16666666666666663
LRP141a,0.4285714285714286
LRP141b,0.6666666666666667
LRP141c,1.0
LRP142a,0.4
LRP142b,0.0
LRP142c,0.0
LRP143a,0.7
LRP143c,0.0
LRP144a,0.375
LRP144b,1.0
LRP145a,0.375
LRP145c,0.0
LRP146a,0.6000000000000001
LRP146b,0.5
LRP147a,0.125
LRP147b,0.0
LRP147c,0.5
LRP147d,0.0
LRP148a,0.7
LRP148b,0.5
LRP149a,0.33333333333333337
LRP149b,0.25
LRP149c,0.5
LRP149d,0.5
LRP149f,0.5
LRP149g,0.5
LRP150a,0.09999999999999998
LRP150b,0.5
LRP150c,0.0
LRP151a,0.5
LRP151b,0.33333333333333337
LRP151c,0.5
LRP152a,0.33333333333333337
LRP152b,0.0
LRP152c,0.625
LRP152d,0.0
LRP153a,0.625
LRP153b,0.6666666666666667
LRP153c,1.0
LRP154a,0.33333333333333337
LRP154c,0.0
LRP155a,0.6000000000000001
LRP155b,0.0
LRP156a,0.625
LRP157a,0.5
LRP157b,0.0
LRP157c,1.0
LRP158a,0.5
LRP159a,0.6000000000000001
LRP159b,0.0
LRP159c,0.25
LRP159d,0.0
LRP160a,0.625
LRP160b,0.0
LRP160c,0.5
LRP160d,0.0
LRP160e,0.5
LRP160g,0.5
LRP161a,0.5833333333333333
LRP161b,0.5
LRP161c,0.5
LRP162a,0.5
LRP162c,0.5
LRP162d,0.0
LRP162e,0.0
LRP162f,0.0
LRP163a,0.625
LRP163b,0.0
LRP163c,0.25
LRP163d,0.0
LRP164a,0.5
LRP164b,0.5
LRP164d,0.0
LRP165a,0.5
LRP165c,0.25
LRP165d,0.0
LRP165e,0.0
LRP166a,0.6428571428571428
LRP166b,0.5
LRP166c,0.25
LRP166d,0.0
LRP166e,0.0
LRP167a,0.25
LRP167b,0.0
LRP167c,0.0
LRP168a,0.3571428571428571
LRP168c,0.0
LRP169a,0.33333333333333337
LRP169b,0.0
LRP169c,0.0
LRP169d,0.0
LRP169e,0.0
LRP169f,0.0
LRP170a,0.30000000000000004
LRP170b,0.0
LRP170c,0.0
LRP170e,0.0
LRP170f,0.0
LRP170g,0.0
LRP170h,0.0
LRP170i,0.0
LRP170j,0.0
LRP171a,0.25
LRP171b,0.25
LRP171c,0.25
LRP171d,0.0
LRP171e,0.0
LRP171f,0.0
LRP172a,0.5
LRP172b,0.25
LRP172c,0.25
LRP172d,0.0
LRP172e,0.0
LRP173a,0.6000000000000001
LRP173b,0.5
LRP173c,0.0
LRP174a,0.5
LRP174b,0.33333333333333337
LRP174c,0.25
LRP175a,0.6000000000000001
LRP175b,0.25
LRP175c,0.0
LRP175d,0.0
LRP175e,0.0
LRP175f,0.0
LRP176a,0.5
LRP176b,0.5
LRP176c,0.25
LRP176d,0.25
LRP176e,0.0
LRP177a,0.5
LRP177b,0.375
LRP177d,0.16666666666666663
LRP178a,0.625
LRP178b,0.0
LRP179a,0.5
LRP179b,0.16666666666666663
LRP180a,0.375
LRP180b,0.5
LRP180c,0.0
LRP181a,0.41666666666666663
LRP181b,0.5
LRP181c,0.33333333333333337
LRP181d,0.0
LRP182a,0.6000000000000001
LRP182b,0.0
LRP182c,0.75
LRP182d,0.0
LRP183a,0.5
LRP183b,0.5
LRP183c,0.0
LRP183d,0.0
LRP184a,0.5
LRP184b,0.5
LRP184c,0.0
LRP185a,0.6000000000000001
LRP185b,0.25
LRP186a,0.6000000000000001
LRP186b,0.5
LRP186c,0.25
LRP186d,0.0
LRP187a,0.5
LRP187b,0.375
LRP187c,1.0
LRP187d,1.0
LRP188a,0.6000000000000001
LRP189a,0.5
LRP189d,1.0
LRP190a,0.375
LRP191a,0.5
LRP191b,0.25
LRP191c,0.5
LRP192a,0.0
LRP193a,0.5833333333333333
LRP193b,1.0
LRP194a,0.6666666666666667
LRP194b,0.0
LRP195a,0.75
LRP195b,1.0
LRP196a,0.625
LRP196c,1.0
LRP197a,0.5
LRP197b,0.5
LRP198a,0.5
LRP198b,1.0
LRP198c,1.0
LRP199a,0.625
LRP199b,0.375
LRP199c,0.5
LRP199d,0.0
LRP200a,0.5
LRP200c,0.6666666666666667
LRP201a,0.33333333333333337
LRP201b,0.25
LRP202a,0.25
LRP202b,0.5
LRP202c,1.0
LRP203a,0.5
LRP203b,0.75
LRP204a,0.5
LRP205a,0.25
LRP206a,0.5
LRP206b,0.25
LRP206c,0.5
LRP207a,0.5
LRP207b,0.5
LRP208a,0.75
LRP208b,1.0
LRP208d,0.5
LRP209a,0.5
LRP210a,0.33333333333333337
LRP210b,0.5
LRP210d,0.5
LRP211a,0.33333333333333337
LRP211b,0.0
LRP211c,0.0
LRP212a,0.5
LRP213a,0.5
LRP213b,0.25
LRP214a,0.5
LRP214b,0.0
LRP215a,0.33333333333333337
LRP215b,0.5
LRP216a,0.0
LRP216b,0.0
LRP217a,0.5
LRP217c,0.5
LRP218a,0.75
LRP218b,0.5
LRP219a,0.5
LRP219b,1.0
LRP219c,0.75
LRP220a,0.75
LRP220b,0.4
LRP221a,0.5
LRP221b,0.0
LRP221c,1.0
LRP221d,1.0
LRP222a,0.0
LRP222b,0.5
LRP223a,0.5
LRP224a,0.25
LRP224b,0.25
LRP225a,0.6000000000000001
LRP225c,0.0
LRP226a,0.75
LRP226b,0.75
LRP226c,0.0
LRP226d,0.0
LRP227a,0.5
LRP227c,0.5
LRP227d,0.0
LRP228a,0.75
LRP228b,0.0
LRP229a,0.5
LRP229c,0.0
LRP230a,0.5
LRP230c,0.0
LRP230e,0.0
LRP231a,0.5
LRP231b,0.25
LRP231c,0.0
LRP231d,0.0
LRP232a,0.75
LRP232b,1.0
LRP233a,0.5
LRP233b,0.0
LRP234a,0.5
LRP234b,1.0
LRP235a,0.5
LRP235b,1.0
LRP236a,0.4
LRP236b,1.0
LRP236c,0.0
LRP237a,0.375
LRP237b,0.75
LRP237c,0.75
LRP237d,1.0
LRP238a,0.5
LRP238c,0.0
LRP239a,0.5
LRP239b,0.75
LRP240a,0.375
LRP240b,0.6666666666666667
LRP240c,0.33333333333333337
LRP241a,0.5
LRP241b,1.0
LRP241c,0.5
LRP242a,0.5
LRP242b,0.5
LRP243a,0.6666666666666667
LRP243b,0.25
LRP244a,0.75
LRP244b,0.5
LRP244c,0.75
LRP244d,1.0
LRP245a,0.5
LRP245b,0.5
LRP246a,0.625
LRP246b,0.5
LRP246c,0.0
LRP247a,0.5
LRP247b,1.0
LRP248a,0.5
LRP248b,1.0
LRP248c,1.0
LRP249a,0.33333333333333337
LRP250a,0.33333333333333337
LRP251a,0.375
LRP252a,0.25
LRP252c,0.5
LRP253a,0.16666666666666663
LRP254a,0.5
LRP255a,0.16666666666666663
LRP257a,0.25
LRP258a,0.0
LRP258b,0.5
LRP258c,0.5
LRP259a,0.5
LRP259b,0.5
LRP260a,0.33333333333333337
LRP260b,0.5
LRP261a,0.375
LRP261b,0.0
LRP262a,0.375
LRP262c,0.5
LRP262d,0.5
LRP263a,0.5
LRP263b,0.16666666666666663
LRP264a,0.375
LRP264c,0.5
LRP265a,0.30000000000000004
LRP265b,0.5
LRP265c,0.5
LRP266a,0.16666666666666663
LRP266b,0.5
LRP267a,0.25
LRP268a,0.25
LRP268b,0.5
LRP269a,0.30000000000000004
LRP269b,0.5
LRP269c,0.5
LRP270a,0.25
LRP270c,0.0
LRP271a,0.25
LRP272a,0.30000000000000004
LRP272c,0.5
LRP273a,0.0
LRP274a,0.0
LRP274c,0.0
LRP274e,0.0
LRP275a,0.125
LRP276a,0.16666666666666663
LRP277a,0.5
LRP277b,0.5
LRP278a,0.5
LRP279a,0.5
LRP279c,0.5
LRP280a,0.25
LRP280b,0.5
LRP281a,0.16666666666666663
LRP282a,0.33333333333333337
LRP282c,0.5
LRP282e,0.5
LRP283a,0.5
LRP283b,0.0
LRP283c,0.25
LRP283d,0.5
LRP284a,0.25
LRP284b,0.0
LRP284c,0.0
LRP285a,0.0
LRP285b,0.0
LRP285c,0.0
LRP286a,0.5
LRP286b,0.5
LRP287a,0.5
LRP288a,0.5
LRP288b,0.5
LRP289a,0.5
LRP291a,0.5
LRP291b,0.5
LRP291c,0.5
LRP291d,0.5
LRP292a,0.5
LRP292b,0.5
LRP293a,0.5
LRP293c,0.5
LRP294a,0.5
LRP294c,0.5
LRP295a,0.5
LRP295b,0.5
LRP296a,0.5
LRP296b,0.5
LRP297a,0.5
LRP298a,0.5
LRP299a,0.5
LRP299c,0.5
LRP300a,0.5
LRP300b,0.5
LRP300d,0.5
LRP301a,0.5
LRP301b,0.5
LRP302a,0.5
LRP302c,0.5
LRP302e,0.5
LRP303a,0.5
LRP304a,0.5
LRP304b,0.5
LRP305a,0.5
LRP305c,0.5
LRP306a,0.5
LRP306b,0.5
LRP307a,0.5
LRP308a,0.5
LRP308b,0.5
LRP309a,0.5
LRP309b,0.5
LRP310a,0.5
LRP310b,0.5
LRP311a,0.5
LRP311b,0.5
LRP312a,0.5
LRP313a,0.5
LRP313b,0.5
LRP314a,0.5
LRP315a,0.5
LRP316a,0.5
LRP317a,0.5
LRP318a,0.5
LRP318b,0.5
LRP319a,0.5
LRP319b,0.5
LRP320a,0.5
LRP321a,0.5
LRP321b,0.5
LRP321d,0.5
LRP322a,0.5
LRP323b,0.5
LRP323d,0.5
LRP325a,0.5
LRP325b,0.5
LRP325c,0.5
LRP326a,0.5
LRP327a,0.5
LRP328a,0.5
LRP328b,0.5
LRP328c,0.5
LRP329a,0.5
LRP330a,0.5
LRP331a,0.5
LRP332a,0.5
LRP332b,0.5
LRP332c,0.5
LRP333a,0.5
LRP334a,0.5
LRP335a,0.5
LRP336a,0.5
LRP336b,0.5
LRP338a,0.5
LRP339a,0.5
LRP339c,0.5
LRP340a,0.5
LRP341a,0.5
LRP342a,0.5
LRP342c,0.5
LRP343a,0.5
LRP344a,0.5
LRP344c,0.5
LRP345a,0.5
LRP346a,0.5
LRP347a,0.5
LRP347b,0.5
LRP348a,0.5
LRP348b,0.5
LRP349a,0.5
LRP349b,0.5
LRP350a,0.5
LRP350b,0.5
LRP351a,0.5
LRP352a,0.5
LRP353a,0.5
LRP353b,0.5
LRP354a,0.5
LRP354d,0.5
LRP356a,0.5
LRP357a,0.5
LRP357c,0.5
LRP357d,0.5
LRP357f,0.5
LRP358a,0.5
LRP358b,0.5
LRP359a,0.5
LRP359b,0.5
LRP360a,0.5
LRP360c,0.5
LRP361a,0.5
LRP361b,0.5
LRP362a,0.5
LRP363a,0.5
LRP363b,0.5
LRP364a,0.5
LRP364c,0.5
LRP364d,0.5
LRP365a,0.5
LRP367a,0.5
LRP368a,0.5
LRP368b,0.5
LRP368c,0.5
LRP368d,0.5
LRP369a,0.5
LRP369b,0.5
LRP369c,0.5
LRP370a,0.5
LRP370c,0.5
LRP370e,0.5
LRP371a,0.5
LRP371c,0.5
LRP372a,0.5
LRP372c,0.5
LRP373a,0.5
LRP373b,0.5
LRP374a,0.5
LRP374c,0.5
LRP374e,0.5
LRP375a,0.5
LRP375c,0.5
LRP376a,0.5
LRP376b,0.5
LRP376d,0.5
LRP377a,0.5
LRP377c,0.5
LRP377d,0.5
LRP377f,0.5
LRP378a,0.5
LRP378b,0.5
LRP379a,0.5
LRP379b,0.5
LRP379c,0.5
LRP380a,0.5
LRP380c,0.5
LRP380e,0.5
LRP381a,0.5
LRP381b,0.5
LRP381c,0.5
LRP382a,0.5
LRP382b,0.5
LRP382c,0.5
LRP383a,0.5
LRP383b,0.5
LRP383c,0.5
LRP383d,0.5
LRP384a,0.5
LRP384b,0.5
LRP385a,0.5
LRP385b,0.5
LRP385c,0.5
LRP385d,0.5
LRP385e,0.5
LRP385f,0.5
LRP385g,0.5
LRP386a,0.5
LRP386b,0.5
LRP386c,0.5
LRP386d,0.5
LRP386e,0.5
LRP386f,0.5
LRP386g,0.5
LRP387a,0.5
LRP387b,0.5
LRP387c,0.5
LRP387d,0.5
LRP387e,0.5
LRP387f,0.5
LRP388a,0.5
LRP388b,0.5
LRP388c,0.5
LRP388d,0.5
LRP388e,0.5
LRP389a,0.5
LRP389b,0.5
LRP389c,0.5
LRP389d,0.5
LRP390a,0.5
LRP390c,0.5
LRP391a,0.5
LRP391c,0.5
LRP392a,0.5
LRP393a,0.5
LRP393c,0.5
LRP394a,0.5
LRP394c,0.5
LRP394e,0.5
LRP395a,0.5
LRP396a,0.5
LRP396b,0.5
LRP398a,0.5
LRP398b,0.5
LRP398d,0.5
LRP399a,0.5
LRP400a,0.5
LRP400b,0.5
LRP400c,0.5
LRP400e,0.5
LRP401a,0.5
LRP401c,0.5
LRP402a,0.5
LRP402b,0.5
LRP402c,0.5
LRP403a,0.5
LRP403b,0.5
LRP403d,0.5
LRP404a,0.5
LRP404b,0.5
LRP405a,0.5
LRP408a,0.5
LRP408b,0.5
LRP409a,0.5
LRP409b,0.5
LRP409d,0.5
LRP410a,0.5
LRP410b,0.5
LRP410c,0.5
LRP411a,0.5
LRP411b,0.5
LRP412a,0.5
LRP412b,0.5
LRP412d,0.5
LRP413a,0.5
LRP413b,0.5
LRP414a,0.5
LRP415a,0.5
LRP415b,0.5
LRP415c,0.5
LRP416a,0.5
LRP416b,0.5
LRP416d,0.5
LRP416e,0.5
LRP416f,0.5
LRP417a,0.5
LRP417b,0.5
LRP417c,0.5
LRP417d,0.5
LRP417e,0.5
LRP418a,0.5
LRP418b,0.5
LRP419a,0.5
LRP419c,0.5
LRP420a,0.5
LRP420c,0.5
LRP420d,0.5
LRP420e,0.5
LRP420f,0.5
LRP421a,0.5
LRP421c,0.5
LRP421d,0.5
LRP421f,0.5
LRP422a,0.5
LRP422b,0.5
LRP422c,0.5
LRP423a,0.5
LRP423b,0.5
LRP423c,0.5
LRP423d,0.5
LRP423e,0.5
LRP424a,0.5
LRP424b,0.5
LRP424c,0.5
LRP424e,0.5
LRP424g,0.5
LRP425a,0.5
LRP425b,0.5
LRP425c,0.5
LRP425e,0.5
LRP426a,0.5
LRP426b,0.5
LRP426c,0.5
LRP426d,0.5
LRP426e,0.5
LRP427a,0.5
LRP427b,0.5
LRP427d,0.5
LRP427e,0.5
LRP428a,0.5
LRP428b,0.5
LRP428c,0.5
LRP428d,0.5
LRP429a,0.5
LRP429b,0.5
LRP429c,0.5
LRP429d,0.5
LRP429f,0.5
LRP430a,0.5
LRP430b,0.5
LRP430c,0.5
LRP430d,0.5
LRP431a,0.5
LRP431b,0.5
LRP431c,0.5
LRP431d,0.5
LRP432a,0.5
LRP432b,0.5
LRP433a,0.5
LRP433b,0.5
LRP433c,0.5
LRP433d,0.5
LRP434a,0.5
LRP434b,0.5
LRP435a,0.5
LRP435b,0.5
LRP435c,0.5
LRP436a,0.5
LRP437a,0.5
LRP437b,0.5
LRP438a,0.5
LRP438b,0.5
LRP438c,0.5
LRP439a,0.5
LRP439c,0.5
LRP440a,0.5
LRP441a,0.5
LRP442a,0.5
LRP443a,0.5
LRP443c,0.5
LRP443d,0.5
LRP444a,0.5
LRP444b,0.5
LRP444c,0.5
LRP444d,0.5
LRP444e,0.5
LRP445a,0.5
LRP445b,0.5
LRP445d,0.5
LRP446a,0.5
LRP446b,0.5
LRP446d,0.5
LRP447a,0.5
LRP447b,0.5
LRP447c,0.5
LRP448a,0.5
LRP448b,0.5
LRP448c,0.5
LRP449a,0.5
LRP449b,0.5
LRP449c,0.5
LRP449d,0.5
LRP449f,0.5
LRP450a,0.5
LRP450c,0.5
LRP450d,0.5
LRP450e,0.5
LRP451a,0.5
LRP451b,0.5
LRP451c,0.5
LRP451e,0.5
LRP451f,0.5
LRP451h,0.5
LRP451i,0.5
LRP452a,0.5
LRP452c,0.5
LRP452d,0.5
LRP452e,0.5
LRP452f,0.5
LRP452h,0.5
LRP452i,0.5
LRP452j,0.5
LRP453a,0.5
LRP453c,0.5
LRP454a,0.5
LRP454b,0.5
LRP454d,0.5
LRP455a,0.5
LRP456a,0.5
LRP456b,0.5
LRP456c,0.5
LRP457a,0.5
LRP458a,0.5
LRP459a,0.5
LRP459b,0.5
LRP460a,0.5
LRP461a,0.5
LRP462a,0.5
LRP462b,0.5
LRP466a,0.5
LRP467a,0.5
LRP468a,0.5
LRP468b,0.5
LRP469a,0.5
LRP471a,0.5
LRP472a,0.5
LRP472c,0.5
LRP473a,0.5
LRP475a,0.5
LRP478a,0.5
LRP479a,0.5
LRP480a,0.5
LRP482a,0.5
LRP483a,0.5
LRP484a,0.5
LRP485a,0.5
LRP486a,0.5
LRP488a,0.5
LRP491a,0.5
LRP492a,0.5
LRP493a,0.5
LRP493b,0.5
LRP493c,0.5
LRP494a,0.5
LRP494b,0.5
LRP495a,0.5
LRP495b,0.5
LRP496a,0.5
LRP497a,0.5
LRP498a,0.5
LRP499a,0.5
LRP500a,0.5
LRP501a,0.5
LRP502a,0.5
LRP504a,0.5
LRP505a,0.5
LRP505b,0.5
LRP506a,0.5
LRP507a,0.5
LRP508a,0.5
LRP510a,0.5
LRP511a,0.5
LRP512a,0.5
LRP516a,
LRP517a,0.5
LRP517b,0.5
LRP521a,0.5
LRP521b,0.5
LRP525a,0.5
LRP527a,0.5
LRPSa,0.5625
LRPSb,0.503125
LRPSc,0.5288461538461537
LRPSd,0.41463414634146345
LRPSe,0.42500000000000004
LRPSf,0.5
LRPSg,0.33333333333333337
LRPSh,0.0
LRPsa,0.625
LRPsb,0.875
LRPsc,0.5
LRPsd,0.33333333333333337
LRp099a,1.0
Lrp009a,1.0
