LRPName,avg_flood_score
LRP001a,0.2534435261707989
LRP001b,0.23972602739726026
LRP001c,0.21851851851851853
LRP001d,0.1724137931034483
LRP001e,0.22916666666666666
LRP001f,0.0
LRP001g,0.3333333333333333
LRP001k,0.3333333333333333
LRP002a,0.2833333333333333
LRP002b,0.23839662447257384
LRP002c,0.2708333333333333
LRP002d,0.15277777777777776
LRP002e,0.20370370370370372
LRP002f,0.16666666666666666
LRP002g,0.1111111111111111
LRP002i,0.3333333333333333
LRP002j,0.3333333333333333
LRP003a,0.27445652173913043
LRP003b,0.2298850574712644
LRP003c,0.23106060606060608
LRP003d,0.30630630630630634
LRP003e,0.15789473684210525
LRP003f,0.1111111111111111
LRP003g,0.0
LRP003h,0.0
LRP003i,0.0
LRP004a,0.2938967136150235
LRP004b,0.2792022792022792
LRP004c,0.28174603174603174
LRP004d,0.2738095238095238
LRP004e,0.25
LRP004f,0.6666666666666666
LRP004g,0.0
LRP004i,0.0
LRP004k,0.0
LRP005a,0.3227176220806794
LRP005b,0.2621082621082621
LRP005c,0.32510288065843623
LRP005d,0.2222222222222222
LRP005e,0.2222222222222222
LRP005f,0.2380952380952381
LRP005g,0.16666666666666666
LRP005h,0.0
LRP006a,0.28512820512820514
LRP006b,0.2741935483870968
LRP006c,0.2412280701754386
LRP006d,0.20833333333333334
LRP006e,0.041666666666666664
LRP006f,0.06666666666666667
LRP006g,0.0
LRP006h,0.0
LRP007a,0.2812846068660022
LRP007b,0.23492063492063495
LRP007c,0.31746031746031744
LRP007d,0.30952380952380953
LRP007e,0.2222222222222222
LRP007f,0.16666666666666666
LRP007g,0.0
LRP007h,0.3333333333333333
LRP007i,0.1111111111111111
LRP007k,0.0
LRP008a,0.30852211434735705
LRP008b,0.2908496732026144
LRP008c,0.3377777777777778
LRP008d,0.3333333333333333
LRP008e,0.3333333333333333
LRP008f,0.0
LRP008g,0.0
LRP008k,0.0
LRP009a,0.2964329643296433
LRP009b,0.3042071197411003
LRP009c,0.34972677595628415
LRP009d,0.24731182795698925
LRP009e,0.26666666666666666
LRP009f,0.0
LRP009g,0.5
LRP009j,0.6666666666666666
LRP009k,0.6666666666666666
LRP010a,0.32318840579710145
LRP010b,0.3129251700680272
LRP010c,0.29523809523809524
LRP010d,0.2222222222222222
LRP010e,0.14814814814814814
LRP010f,0.0
LRP011a,0.2938775510204082
LRP011b,0.29069767441860467
LRP011c,0.2631578947368421
LRP011d,0.24242424242424243
LRP011e,0.125
LRP011f,0.0
LRP011g,0.0
LRP011h,0.0
LRP012a,0.2838541666666667
LRP012b,0.23297491039426524
LRP012c,0.2142857142857143
LRP012d,0.3
LRP012e,0.25925925925925924
LRP012f,0.25
LRP012g,0.0
LRP012i,0.0
LRP012j,0.0
LRP013a,0.2850678733031674
LRP013b,0.18556701030927836
LRP013c,0.26666666666666666
LRP013d,0.3333333333333333
LRP013e,0.16666666666666666
LRP013f,0.3333333333333333
LRP013g,0.0
LRP013h,0.2222222222222222
LRP014a,0.3092006033182504
LRP014b,0.2474747474747475
LRP014c,0.2033898305084746
LRP014d,0.2698412698412698
LRP014e,0.27272727272727276
LRP014f,0.0
LRP015a,0.2745098039215686
LRP015b,0.23958333333333334
LRP015c,0.20567375886524822
LRP015d,0.24242424242424243
LRP015e,0.2916666666666667
LRP015f,0.0
LRP016a,0.26
LRP016b,0.26666666666666666
LRP016c,0.24166666666666667
LRP016d,0.2962962962962963
LRP016e,0.16666666666666666
LRP016f,0.3333333333333333
LRP017a,0.2777777777777778
LRP017b,0.20952380952380953
LRP017c,0.2280701754385965
LRP017d,0.22916666666666666
LRP017e,0.05555555555555555
LRP017f,0.16666666666666666
LRP017g,0.6666666666666666
LRP017i,0.6666666666666666
LRP018a,0.2791666666666667
LRP018b,0.20952380952380953
LRP018c,0.2222222222222222
LRP018d,0.2333333333333333
LRP018e,0.2857142857142857
LRP018f,0.6666666666666666
LRP018g,0.0
LRP018i,0.0
LRP018k,0.0
LRP018m,0.0
LRP018o,0.0
LRP019a,0.2222222222222222
LRP019b,0.20952380952380953
LRP019c,0.23423423423423426
LRP019d,0.11904761904761905
LRP019e,0.0
LRP019f,0.0
LRP020a,0.30092592592592593
LRP020b,0.28125
LRP020c,0.14814814814814814
LRP020d,0.24074074074074073
LRP020e,0.16666666666666666
LRP021a,0.2679738562091503
LRP021b,0.20833333333333334
LRP021c,0.16091954022988506
LRP021d,0.19607843137254902
LRP021e,0.041666666666666664
LRP021f,0.0
LRP022a,0.28763440860215056
LRP022b,0.1851851851851852
LRP022c,0.21794871794871795
LRP022d,0.2222222222222222
LRP023a,0.30423280423280424
LRP023b,0.23129251700680273
LRP023c,0.3066666666666667
LRP023d,0.2857142857142857
LRP023e,0.16666666666666666
LRP024a,0.28774928774928776
LRP024b,0.2522522522522523
LRP024c,0.24242424242424243
LRP024d,0.4761904761904762
LRP024e,0.2222222222222222
LRP024f,0.0
LRP025a,0.3115264797507788
LRP025b,0.20833333333333334
LRP025c,0.31666666666666665
LRP025d,0.2222222222222222
LRP025e,0.3333333333333333
LRP025f,0.3333333333333333
LRP025h,0.0
LRP026a,0.28746177370030584
LRP026b,0.22549019607843138
LRP026c,0.21052631578947367
LRP026d,0.1111111111111111
LRP026e,0.1111111111111111
LRP027a,0.2833333333333333
LRP027b,0.29914529914529914
LRP027c,0.35000000000000003
LRP027d,0.3333333333333333
LRP027e,0.3333333333333333
LRP027f,0.0
LRP028a,0.28086419753086417
LRP028b,0.2380952380952381
LRP028c,0.35000000000000003
LRP028d,0.2916666666666667
LRP028e,0.3333333333333333
LRP028f,0.3333333333333333
LRP028g,0.3333333333333333
LRP028h,0.0
LRP029a,0.3186813186813187
LRP029b,0.3142857142857143
LRP029c,0.2745098039215686
LRP029d,0.39999999999999997
LRP029e,0.3333333333333333
LRP029f,0.5
LRP030a,0.32098765432098764
LRP030b,0.35353535353535354
LRP030c,0.30952380952380953
LRP030d,0.4166666666666667
LRP030e,0.3333333333333333
LRP030g,0.3333333333333333
LRP030h,0.3333333333333333
LRP031a,0.30196078431372547
LRP031b,0.26436781609195403
LRP031c,0.2833333333333333
LRP031d,0.20833333333333334
LRP031e,0.2222222222222222
LRP031f,0.3333333333333333
LRP032a,0.3378378378378379
LRP032b,0.2916666666666667
LRP032c,0.2631578947368421
LRP032d,0.25925925925925924
LRP032e,0.6666666666666666
LRP033a,0.37719298245614036
LRP033b,0.30630630630630634
LRP033c,0.393939393939394
LRP033d,0.08333333333333333
LRP033e,0.3333333333333333
LRP034a,0.3288888888888889
LRP034b,0.25641025641025644
LRP034c,0.4222222222222222
LRP034d,0.39999999999999997
LRP034e,0.2222222222222222
LRP035a,0.3089430894308943
LRP035b,0.2631578947368421
LRP035c,0.1794871794871795
LRP035d,0.16666666666666666
LRP035e,0.6666666666666666
LRP036a,0.338235294117647
LRP036b,0.3103448275862069
LRP036c,0.39215686274509803
LRP036d,0.09523809523809523
LRP036e,0.0
LRP036f,0.0
LRP037a,0.2629107981220657
LRP037b,0.2753623188405797
LRP037c,0.14285714285714285
LRP037d,0.25
LRP038a,0.25641025641025644
LRP038b,0.23529411764705885
LRP038c,0.25
LRP038d,0.5
LRP038e,0.1111111111111111
LRP039a,0.2626262626262626
LRP039b,0.2777777777777778
LRP039c,0.3333333333333333
LRP039d,0.2222222222222222
LRP040a,0.25308641975308643
LRP040b,0.3888888888888889
LRP040c,0.3333333333333333
LRP040d,0.1111111111111111
LRP040e,0.3333333333333333
LRP041a,0.3111111111111111
LRP041b,0.2380952380952381
LRP041c,0.24242424242424243
LRP041e,0.0
LRP041f,0.0
LRP042a,0.24
LRP042b,0.2380952380952381
LRP042c,0.358974358974359
LRP042d,0.16666666666666666
LRP042e,0.6666666666666666
LRP042g,0.0
LRP043a,0.3666666666666667
LRP043b,0.2333333333333333
LRP043c,0.2916666666666667
LRP043d,0.2222222222222222
LRP043e,0.0
LRP043f,0.0
LRP044a,0.31884057971014496
LRP044b,0.3333333333333333
LRP044c,0.5151515151515151
LRP044d,0.08333333333333333
LRP044e,0.6666666666666666
LRP044f,0.3333333333333333
LRP044g,0.3333333333333333
LRP045a,0.31972789115646255
LRP045b,0.2380952380952381
LRP045c,0.1111111111111111
LRP045d,0.08333333333333333
LRP045e,0.1111111111111111
LRP045f,0.3333333333333333
LRP045g,0.3333333333333333
LRP046a,0.2857142857142857
LRP046b,0.25641025641025644
LRP046c,0.20833333333333334
LRP046d,0.19999999999999998
LRP046e,0.3333333333333333
LRP046f,0.3333333333333333
LRP046g,0.3333333333333333
LRP046h,0.3333333333333333
LRP047a,0.3650793650793651
LRP047b,0.25641025641025644
LRP047c,0.4444444444444444
LRP047d,0.0
LRP047e,0.0
LRP048a,0.35000000000000003
LRP048b,0.1568627450980392
LRP048c,0.08333333333333333
LRP048d,0.6666666666666666
LRP049a,0.31884057971014496
LRP049b,0.3333333333333333
LRP049c,0.4444444444444444
LRP049d,0.20833333333333334
LRP049e,0.16666666666666666
LRP050a,0.37209302325581395
LRP050b,0.3636363636363636
LRP050c,0.4666666666666666
LRP050d,0.0
LRP051a,0.3947368421052631
LRP051b,0.38095238095238093
LRP051c,0.4583333333333333
LRP051d,0.5
LRP051e,0.0
LRP052a,0.30701754385964913
LRP052b,0.3333333333333333
LRP052c,0.05555555555555555
LRP052d,0.0
LRP052e,0.0
LRP053a,0.3255813953488372
LRP053b,0.411764705882353
LRP053c,0.5555555555555556
LRP053d,0.6666666666666666
LRP053e,0.0
LRP053f,0.0
LRP053g,0.0
LRP054a,0.3238095238095238
LRP054b,0.3333333333333333
LRP054c,0.16666666666666666
LRP054d,0.6666666666666666
LRP054e,0.0
LRP055a,0.3333333333333333
LRP055b,0.05555555555555555
LRP055c,0.2857142857142857
LRP055d,0.0
LRP055e,0.0
LRP056a,0.3333333333333333
LRP056b,0.1794871794871795
LRP056c,0.16666666666666666
LRP056d,0.4444444444444444
LRP057a,0.3580246913580247
LRP057b,0.3
LRP057c,0.25
LRP057d,0.0
LRP058a,0.2192982456140351
LRP058b,0.4358974358974359
LRP058c,0.2916666666666667
LRP058d,0.0
LRP058e,0.0
LRP058f,0.3333333333333333
LRP059a,0.3580246913580247
LRP059b,0.3333333333333333
LRP059c,0.25925925925925924
LRP059e,0.3333333333333333
LRP060a,0.24358974358974358
LRP060b,0.09999999999999999
LRP060c,0.19999999999999998
LRP061a,0.31746031746031744
LRP061b,0.16666666666666666
LRP061c,0.4583333333333333
LRP061d,0.3333333333333333
LRP061e,0.0
LRP061f,0.0
LRP062a,0.24
LRP062b,0.2333333333333333
LRP062c,0.13333333333333333
LRP063a,0.25
LRP063b,0.1111111111111111
LRP063c,0.38095238095238093
LRP064a,0.2878787878787879
LRP064b,0.3703703703703704
LRP064c,0.25
LRP065a,0.24561403508771928
LRP065b,0.16666666666666666
LRP065c,0.2222222222222222
LRP065d,0.16666666666666666
LRP066a,0.21666666666666667
LRP066b,0.3055555555555555
LRP066c,0.08333333333333333
LRP066d,0.2222222222222222
LRP066e,0.16666666666666666
LRP067a,0.2745098039215686
LRP067b,0.19999999999999998
LRP067c,0.1111111111111111
LRP067d,0.0
LRP067e,0.16666666666666666
LRP068a,0.35185185185185186
LRP068b,0.16666666666666666
LRP068c,0.3333333333333333
LRP068d,0.16666666666666666
LRP068e,0.16666666666666666
LRP068f,0.0
LRP069a,0.35555555555555557
LRP069b,0.25
LRP069c,0.2222222222222222
LRP069d,0.0
LRP069e,0.0
LRP070a,0.1568627450980392
LRP070b,0.08333333333333333
LRP070c,0.2222222222222222
LRP070d,0.3333333333333333
LRP071a,0.358974358974359
LRP071b,0.25
LRP071c,0.0
LRP071e,0.0
LRP072a,0.34782608695652173
LRP072b,0.3333333333333333
LRP072c,0.2222222222222222
LRP072d,0.0
LRP072e,0.6666666666666666
LRP073a,0.2777777777777778
LRP073b,0.38095238095238093
LRP073c,0.0
LRP073e,0.0
LRP073f,0.0
LRP073g,0.0
LRP074a,0.3333333333333333
LRP074b,0.08333333333333333
LRP074c,0.5
LRP075a,0.3333333333333333
LRP075b,0.25
LRP075c,0.2222222222222222
LRP076a,0.2549019607843137
LRP076b,0.14285714285714285
LRP076c,0.5
LRP076d,0.16666666666666666
LRP076e,0.0
LRP077a,0.24242424242424243
LRP077b,0.16666666666666666
LRP077c,0.26666666666666666
LRP078a,0.2619047619047619
LRP078b,0.08333333333333333
LRP078c,0.0
LRP079a,0.2777777777777778
LRP079b,0.38095238095238093
LRP080a,0.21212121212121213
LRP080b,0.2857142857142857
LRP080c,0.5
LRP081a,0.24242424242424243
LRP081b,0.3888888888888889
LRP082a,0.2962962962962963
LRP082b,0.3333333333333333
LRP082c,0.0
LRP083a,0.3333333333333333
LRP083b,0.3333333333333333
LRP083c,0.5
LRP084a,0.3333333333333333
LRP084b,0.25
LRP084c,0.6666666666666666
LRP085a,0.26666666666666666
LRP085b,0.0
LRP085d,0.3333333333333333
LRP086a,0.3055555555555555
LRP086b,0.3333333333333333
LRP087a,0.3333333333333333
LRP087b,0.0
LRP087c,0.6666666666666666
LRP088a,0.3703703703703704
LRP088b,0.4444444444444444
LRP088c,0.0
LRP088d,0.0
LRP088e,0.0
LRP089a,0.375
LRP089b,0.3333333333333333
LRP089c,0.0
LRP089d,0.0
LRP090a,0.3055555555555555
LRP090b,0.0
LRP091a,0.2777777777777778
LRP091b,0.1111111111111111
LRP091d,0.0
LRP091e,0.0
LRP092a,0.2857142857142857
LRP092b,0.3333333333333333
LRP092c,0.0
LRP093a,0.3333333333333333
LRP093b,0.3333333333333333
LRP093e,0.6666666666666666
LRP094a,0.16666666666666666
LRP094b,0.2222222222222222
LRP094c,0.0
LRP095a,0.3333333333333333
LRP095b,0.0
LRP095c,0.0
LRP096a,0.19047619047619047
LRP096b,0.0
LRP096c,0.0
LRP097a,0.15151515151515152
LRP097b,0.3333333333333333
LRP098a,0.20833333333333334
LRP098b,0.0
LRP098c,0.6666666666666666
LRP099a,0.3333333333333333
LRP099b,0.0
LRP100a,0.3333333333333333
LRP100b,0.19999999999999998
LRP101a,0.26666666666666666
LRP101c,0.0
LRP102a,0.5
LRP102c,0.6666666666666666
LRP103a,0.3666666666666667
LRP103b,0.2222222222222222
LRP103c,0.6666666666666666
LRP104a,0.2962962962962963
LRP104c,0.3333333333333333
LRP105a,0.26666666666666666
LRP105b,0.0
LRP105d,0.0
LRP106a,0.26666666666666666
LRP106b,0.3333333333333333
LRP107a,0.4166666666666667
LRP107b,0.0
LRP108a,0.2777777777777778
LRP108b,0.25
LRP109a,0.3333333333333333
LRP109b,0.3333333333333333
LRP109c,0.16666666666666666
LRP110a,0.20833333333333334
LRP110b,0.6666666666666666
LRP110c,0.0
LRP110d,0.0
LRP111a,0.3333333333333333
LRP111b,0.5
LRP111c,0.3333333333333333
LRP111d,0.6666666666666666
LRP111e,0.3333333333333333
LRP111f,0.3333333333333333
LRP112a,0.2777777777777778
LRP112b,0.5
LRP113a,0.2777777777777778
LRP113b,0.1111111111111111
LRP114a,0.39999999999999997
LRP114b,0.6666666666666666
LRP114c,0.6666666666666666
LRP114e,0.0
LRP115a,0.40740740740740744
LRP115b,0.16666666666666666
LRP115c,0.3333333333333333
LRP116a,0.3333333333333333
LRP116b,0.3333333333333333
LRP116c,0.3333333333333333
LRP116d,0.1111111111111111
LRP117a,0.5
LRP117b,0.0
LRP118a,0.5333333333333333
LRP118b,0.3333333333333333
LRP119a,0.5555555555555556
LRP119b,0.1111111111111111
LRP120a,0.5
LRP120b,0.6666666666666666
LRP121a,0.4166666666666667
LRP121b,0.16666666666666666
LRP122a,0.3333333333333333
LRP122b,0.3333333333333333
LRP123a,0.5333333333333333
LRP123b,0.6666666666666666
LRP123c,0.6666666666666666
LRP124a,0.5
LRP125a,0.4761904761904762
LRP125b,0.3333333333333333
LRP125c,0.3333333333333333
LRP126a,0.4666666666666666
LRP126b,0.3333333333333333
LRP127a,0.5
LRP127b,0.5555555555555556
LRP128a,0.39999999999999997
LRP128b,0.3333333333333333
LRP129a,0.4583333333333333
LRP129b,0.5555555555555556
LRP129c,0.3333333333333333
LRP129d,0.3333333333333333
LRP129e,0.3333333333333333
LRP130a,0.3703703703703704
LRP130b,0.3333333333333333
LRP130c,0.4444444444444444
LRP130d,0.0
LRP131a,0.4583333333333333
LRP131b,0.2222222222222222
LRP131c,0.6666666666666666
LRP132a,0.3333333333333333
LRP132b,0.0
LRP132c,0.0
LRP133a,0.4666666666666666
LRP133c,0.6666666666666666
LRP133e,0.6666666666666666
LRP134a,0.4444444444444444
LRP135a,0.3888888888888889
LRP135b,0.3333333333333333
LRP135c,0.5
LRP135d,0.3333333333333333
LRP136a,0.39999999999999997
LRP136c,0.0
LRP136d,0.6666666666666666
LRP137a,0.3333333333333333
LRP137b,0.0
LRP138a,0.13333333333333333
LRP138c,0.0
LRP139a,0.5
LRP139b,0.3333333333333333
LRP140a,0.5555555555555556
LRP140c,0.3333333333333333
LRP141a,0.16666666666666666
LRP141b,0.3333333333333333
LRP141c,0.0
LRP142a,0.3333333333333333
LRP143a,0.4166666666666667
LRP144a,0.3333333333333333
LRP144b,0.16666666666666666
LRP145a,0.0
LRP146a,0.0
LRP146b,0.0
LRP147a,0.2222222222222222
LRP147c,0.6666666666666666
LRP148a,0.16666666666666666
LRP148b,0.5
LRP149a,0.0
LRP149b,0.0
LRP149c,0.0
LRP149d,0.0
LRP149f,0.0
LRP149g,0.0
LRP150a,0.0
LRP150b,0.0
LRP150c,0.0
LRP151a,0.0
LRP151b,0.3333333333333333
LRP151c,0.0
LRP152a,0.3333333333333333
LRP152c,0.6666666666666666
LRP153a,0.5
LRP153b,0.3333333333333333
LRP153c,0.3333333333333333
LRP155a,0.1111111111111111
LRP156a,0.5
LRP157a,0.5
LRP157b,0.6666666666666666
LRP158a,0.6666666666666666
LRP159a,0.3333333333333333
LRP159c,0.6666666666666666
LRP159d,0.0
LRP160a,0.3333333333333333
LRP160b,0.0
LRP160c,0.6666666666666666
LRP160d,0.0
LRP160e,0.6666666666666666
LRP160g,0.6666666666666666
LRP161a,0.3333333333333333
LRP161b,0.16666666666666666
LRP161c,0.1111111111111111
LRP162a,0.0
LRP162c,0.0
LRP162d,0.0
LRP162e,0.0
LRP162f,0.0
LRP163a,0.08333333333333333
LRP163b,0.0
LRP163c,0.0
LRP163d,0.0
LRP164a,0.1111111111111111
LRP164b,0.08333333333333333
LRP164d,0.0
LRP165a,0.19999999999999998
LRP165c,0.3333333333333333
LRP165d,0.0
LRP165e,0.0
LRP166a,0.26666666666666666
LRP166b,0.3333333333333333
LRP166c,0.0
LRP166d,0.0
LRP166e,0.0
LRP167a,0.3333333333333333
LRP167b,0.0
LRP167c,0.0
LRP168a,0.3333333333333333
LRP168c,0.0
LRP169a,0.3333333333333333
LRP169b,0.0
LRP169c,0.0
LRP169d,0.0
LRP169e,0.0
LRP169f,0.0
LRP170a,0.19999999999999998
LRP170b,0.0
LRP170c,0.0
LRP170e,0.0
LRP170f,0.0
LRP170g,0.0
LRP170h,0.0
LRP170i,0.0
LRP170j,0.0
LRP171a,0.2222222222222222
LRP171b,0.0
LRP171c,0.0
LRP171d,0.0
LRP171e,0.0
LRP171f,0.0
LRP172a,0.16666666666666666
LRP172b,0.0
LRP172c,0.3333333333333333
LRP172d,0.0
LRP172e,0.0
LRP173a,0.4166666666666667
LRP173b,0.3333333333333333
LRP173c,0.6666666666666666
LRP174a,0.4444444444444444
LRP174b,0.4444444444444444
LRP174c,0.6666666666666666
LRP175a,0.3333333333333333
LRP175b,0.0
LRP175c,0.0
LRP175d,0.0
LRP175e,0.0
LRP175f,0.0
LRP176a,0.2222222222222222
LRP176b,0.0
LRP176c,0.0
LRP176d,0.3333333333333333
LRP176e,0.6666666666666666
LRP177a,0.5555555555555556
LRP177b,0.4166666666666667
LRP177d,0.4444444444444444
LRP178a,0.3333333333333333
LRP178b,0.6666666666666666
LRP179a,0.6666666666666666
LRP179b,0.4444444444444444
LRP180a,0.6666666666666666
LRP180b,0.6666666666666666
LRP180c,0.6666666666666666
LRP181a,0.16666666666666666
LRP181b,0.3333333333333333
LRP181c,0.2222222222222222
LRP181d,0.0
LRP182a,0.3333333333333333
LRP182b,0.0
LRP182c,0.6666666666666666
LRP182d,0.0
LRP183a,0.2222222222222222
LRP183c,0.6666666666666666
LRP183d,0.6666666666666666
LRP184a,0.6666666666666666
LRP184b,0.6666666666666666
LRP184c,0.6666666666666666
LRP185a,0.4444444444444444
LRP185b,0.6666666666666666
LRP186a,0.5555555555555556
LRP186b,0.5
LRP186c,0.6666666666666666
LRP186d,0.6666666666666666
LRP187a,0.6666666666666666
LRP187b,0.5555555555555556
LRP187c,0.3333333333333333
LRP187d,0.3333333333333333
LRP188a,0.5833333333333334
LRP189a,0.5833333333333334
LRP189d,0.3333333333333333
LRP190a,0.4444444444444444
LRP191b,0.6666666666666666
LRP192a,0.6666666666666666
LRP193a,0.5555555555555556
LRP193b,0.3333333333333333
LRP194a,0.16666666666666666
LRP194b,0.6666666666666666
LRP195b,0.3333333333333333
LRP196a,0.6666666666666666
LRP197a,0.5555555555555556
LRP198a,0.5555555555555556
LRP199a,0.5
LRP199b,0.6666666666666666
LRP199d,0.6666666666666666
LRP200a,0.6666666666666666
LRP200c,0.6666666666666666
LRP201a,0.3333333333333333
LRP201b,0.6666666666666666
LRP202a,0.6666666666666666
LRP202c,0.0
LRP203a,0.3333333333333333
LRP203b,0.0
LRP205a,0.6666666666666666
LRP206b,0.6666666666666666
LRP207a,0.6666666666666666
LRP207b,0.6666666666666666
LRP209a,0.6666666666666666
LRP210a,0.3333333333333333
LRP211a,0.3333333333333333
LRP211b,0.6666666666666666
LRP211c,0.6666666666666666
LRP213a,0.6666666666666666
LRP213b,0.6666666666666666
LRP214a,0.6666666666666666
LRP214b,0.6666666666666666
LRP215a,0.3333333333333333
LRP216a,0.6666666666666666
LRP216b,0.6666666666666666
LRP217a,0.6666666666666666
LRP217c,0.0
LRP219a,0.6666666666666666
LRP219b,0.3333333333333333
LRP219c,0.16666666666666666
LRP220a,0.3333333333333333
LRP220b,0.5555555555555556
LRP221b,0.6666666666666666
LRP221c,0.3333333333333333
LRP221d,0.3333333333333333
LRP222a,0.6666666666666666
LRP222b,0.0
LRP223a,0.3333333333333333
LRP224a,0.6666666666666666
LRP224b,0.3333333333333333
LRP225a,0.3333333333333333
LRP225c,0.6666666666666666
LRP226a,0.3333333333333333
LRP226b,0.3333333333333333
LRP226c,0.6666666666666666
LRP226d,0.6666666666666666
LRP227a,0.3333333333333333
LRP227c,0.0
LRP227d,0.6666666666666666
LRP228a,0.3333333333333333
LRP228b,0.6666666666666666
LRP229a,0.5
LRP229c,0.6666666666666666
LRP230a,0.1111111111111111
LRP230c,0.0
LRP230e,0.0
LRP231a,0.1111111111111111
LRP231b,0.0
LRP231c,0.0
LRP231d,0.0
LRP232a,0.16666666666666666
LRP232b,0.3333333333333333
LRP233a,0.08333333333333333
LRP233b,0.0
LRP234a,0.1111111111111111
LRP234b,0.3333333333333333
LRP235a,0.1111111111111111
LRP235b,0.3333333333333333
LRP236a,0.19999999999999998
LRP236b,0.3333333333333333
LRP237a,0.5
LRP237b,0.5
LRP237c,0.5
LRP237d,0.3333333333333333
LRP238a,0.4444444444444444
LRP239a,0.5
LRP239b,0.5
LRP240a,0.6666666666666666
LRP240b,0.5555555555555556
LRP241a,0.5
LRP241b,0.3333333333333333
LRP241c,0.3333333333333333
LRP242a,0.3333333333333333
LRP243a,0.3333333333333333
LRP244a,0.4444444444444444
LRP244c,0.3333333333333333
LRP244d,0.3333333333333333
LRP245a,0.16666666666666666
LRP246a,0.2222222222222222
LRP246c,0.0
LRP247a,0.0
LRP248a,0.3333333333333333
LRP249a,0.3333333333333333
LRP250a,0.3333333333333333
LRP251a,0.3333333333333333
LRP252a,0.2222222222222222
LRP253a,0.6666666666666666
LRP254a,0.6666666666666666
LRP255a,0.6666666666666666
LRP257a,0.6666666666666666
LRP258a,0.6666666666666666
LRP258b,0.6666666666666666
LRP258c,0.6666666666666666
LRP259a,0.6666666666666666
LRP259b,0.6666666666666666
LRP260a,0.6666666666666666
LRP260b,0.6666666666666666
LRP261a,0.6666666666666666
LRP261b,0.6666666666666666
LRP262a,0.6666666666666666
LRP262c,0.6666666666666666
LRP262d,0.6666666666666666
LRP263a,0.6666666666666666
LRP263b,0.6666666666666666
LRP264a,0.3333333333333333
LRP264c,0.0
LRP265a,0.5333333333333333
LRP265b,0.0
LRP265c,0.6666666666666666
LRP266a,0.6666666666666666
LRP266b,0.6666666666666666
LRP267a,0.5
LRP268a,0.0
LRP268b,0.0
LRP269a,0.13333333333333333
LRP269b,0.6666666666666666
LRP269c,0.0
LRP270a,0.16666666666666666
LRP270c,0.0
LRP271a,0.16666666666666666
LRP272a,0.13333333333333333
LRP272c,0.0
LRP275a,0.6666666666666666
LRP277a,0.6666666666666666
LRP277b,0.6666666666666666
LRP278a,0.6666666666666666
LRP279a,0.3333333333333333
LRP279c,0.3333333333333333
LRP280a,0.1111111111111111
LRP280b,0.3333333333333333
LRP281a,0.1111111111111111
LRP282a,0.1111111111111111
LRP282c,0.0
LRP282e,0.0
LRP283a,0.0
LRP283b,0.0
LRP283c,0.0
LRP283d,0.0
LRP284a,0.0
LRP284b,0.0
LRP284c,0.0
LRP285a,0.0
LRP286a,0.0
LRP286b,0.0
LRP287a,0.0
LRP288a,0.0
LRP288b,0.0
LRP289a,0.0
LRP291a,0.0
LRP291b,0.0
LRP291c,0.0
LRP291d,0.0
LRP292a,0.0
LRP292b,0.0
LRP293a,0.0
LRP293c,0.0
LRP294a,0.0
LRP294c,0.0
LRP295a,0.0
LRP295b,0.0
LRP296a,0.0
LRP296b,0.0
LRP297a,0.3333333333333333
LRP298a,0.16666666666666666
LRP299a,0.16666666666666666
LRP299c,0.0
LRP300a,0.0
LRP300b,0.0
LRP300d,0.0
LRP301a,0.0
LRP301b,0.0
LRP302a,0.1111111111111111
LRP302c,0.0
LRP302e,0.0
LRP303a,0.0
LRP304a,0.3333333333333333
LRP304b,0.0
LRP306a,0.3333333333333333
LRP308b,0.3333333333333333
LRP310a,0.16666666666666666
LRP310b,0.0
LRP311a,0.16666666666666666
LRP312a,0.0
LRP313a,0.0
LRP313b,0.0
LRP314a,0.16666666666666666
LRP315a,0.16666666666666666
LRP316a,0.16666666666666666
LRP317a,0.1111111111111111
LRP318a,0.3333333333333333
LRP319a,0.0
LRP320a,0.0
LRP321a,0.0
LRP321b,0.0
LRP321d,0.0
LRP322a,0.0
LRP323d,0.0
LRP325a,0.0
LRP325b,0.0
LRP326a,0.0
LRP327a,0.0
LRP328b,0.0
LRP328c,0.0
LRP329a,0.0
LRP330a,0.0
LRP331a,0.0
LRP332a,0.0
LRP332b,0.0
LRP332c,0.0
LRP334a,0.0
LRP336a,0.0
LRP336b,0.0
LRP338a,0.0
LRP339a,0.0
LRP339c,0.0
LRP340a,0.0
LRP341a,0.0
LRP342a,0.0
LRP342c,0.0
LRP343a,0.0
LRP344a,0.0
LRP344c,0.0
LRP345a,0.0
LRP346a,0.0
LRP347a,0.0
LRP347b,0.0
LRP348a,0.0
LRP348b,0.0
LRP350a,0.0
LRP350b,0.0
LRP351a,0.0
LRP352a,0.0
LRP353a,0.0
LRP353b,0.0
LRP354a,0.0
LRP356a,0.0
LRP359a,0.0
LRP359b,0.0
LRP360a,0.0
LRP368a,0.0
LRP368c,0.0
LRP369a,0.0
LRP369b,0.0
LRP376a,0.0
LRP376b,0.0
LRP376d,0.0
LRP377a,0.0
LRP378a,0.0
LRP379a,0.0
LRP379b,0.0
LRP386g,0.0
LRP387a,0.0
LRP387b,0.0
LRP387c,0.0
LRP387d,0.0
LRP387e,0.0
LRP387f,0.0
LRP388a,0.0
LRP388b,0.0
LRP388c,0.0
LRP388d,0.0
LRP388e,0.0
LRP389a,0.0
LRP389b,0.0
LRP389c,0.0
LRP389d,0.0
LRP390a,0.0
LRP390c,0.0
LRP391a,0.0
LRP391c,0.0
LRP392a,0.0
LRP393a,0.0
LRP393c,0.0
LRP394a,0.0
LRP394c,0.0
LRP394e,0.0
LRP395a,0.0
LRP396a,0.0
LRP396b,0.0
LRP398a,0.0
LRP398b,0.0
LRP398d,0.0
LRP400a,0.0
LRP400b,0.0
LRP400c,0.0
LRP400e,0.0
LRP401a,0.0
LRP401c,0.0
LRP402a,0.0
LRP402b,0.0
LRP402c,0.0
LRP403a,0.0
LRP403b,0.0
LRP403d,0.0
LRP404a,0.0
LRP404b,0.0
LRP416a,0.0
LRP416b,0.0
LRP416d,0.0
LRP416e,0.0
LRP416f,0.0
LRP417a,0.0
LRP417b,0.0
LRP417c,0.0
LRP417d,0.0
LRP417e,0.0
LRP418a,0.0
LRP418b,0.0
LRP419a,0.0
LRP419c,0.0
LRP420a,0.0
LRP420c,0.0
LRP420d,0.0
LRP420e,0.0
LRP420f,0.0
LRP421a,0.0
LRP421c,0.0
LRP421d,0.0
LRP421f,0.0
LRP422a,0.0
LRP422b,0.0
LRP422c,0.0
LRP423a,0.0
LRP423b,0.0
LRP423c,0.0
LRP423d,0.0
LRP423e,0.0
LRP424a,0.0
LRP424b,0.0
LRP424c,0.0
LRP424e,0.0
LRP424g,0.0
LRP425a,0.0
LRP425b,0.0
LRP425c,0.0
LRP425e,0.0
LRP426a,0.0
LRP426b,0.0
LRP426c,0.0
LRP426d,0.0
LRP426e,0.0
LRP427a,0.0
LRP439a,0.0
LRP461a,0.0
LRP462a,0.0
LRP462b,0.0
LRP466a,0.0
LRP467a,0.0
LRP468a,0.0
LRP468b,0.0
LRP469a,0.0
LRP471a,0.0
LRP472a,0.0
LRP472c,0.0
LRP473a,0.0
LRP475a,0.0
LRPSa,0.27759197324414714
LRPSb,0.23691460055096417
LRPSc,0.24242424242424243
LRPSd,0.12121212121212122
LRPSe,0.25
LRPSf,0.16666666666666666
LRPSg,0.5
LRPSh,0.3333333333333333
LRPsa,0.16666666666666666
LRPsb,0.4166666666666667
LRPsc,0.0
LRPsd,0.0
LRp099a,0.0
Lrp009a,0.3333333333333333
