road,id,model_type,name,lat,lon,length,quality_cat
N1,1000000,source,Chittagong,22.3586667,91.7822771,7080.770614416474,Z
N1,1000001,link,End of Bituminous Road,22.3691382,91.777666,1257.2227698060774,Z
N1,1000002,bridge,CORNAIL HAT BOX CULVERT,22.3696841276595,91.7739258709219,3.0,A
N1,1000003,link,Km post missing,22.369166,91.7741938,357.05146819622286,Z
N1,1000004,link,Bridge end,22.3762254893617,91.77054326631206,870.1105768737781,Z
N1,1000005,bridge,GLAXO BOX CULVERT,22.3797011826666,91.7670476533333,8.3,A
N1,1000006,link,Km post missing,22.379166,91.7675827,446.7374269138771,Z
N1,1000007,bridge,PAKKA MATA BOX CULVERT,22.38524588272,91.76250565776,3.0,A
N1,1000008,link,Km post missing,22.3861663,91.7618333,977.4197746225839,Z
N1,1000009,link,Bridge end,22.3887497,91.7607222,309.14220269588844,Z
N1,1000010,link,Bridge start,22.3892497,91.7605,60.10801764533143,Z
N1,1000011,bridge,GAMMON BRIDGE,22.3927175345622,91.7590882138248,18.0,A
N1,1000012,link,Box culvert,22.3921108,91.75925,343.11652593160187,Z
N1,1000013,bridge,T. B HOSPITAL GATE BOX CULVERT,22.3963398830265,91.7582551580777,3.0,A
N1,1000014,link,Km post missing,22.3944997,91.7586944,271.7057413773457,Z
N1,1000015,link,Bridge end,22.3988052,91.7576667,490.269642663752,Z
N1,1000016,bridge,VATIARI CULVERT,22.4030145445,91.75657411625,5.0,A
N1,1000017,link,Km post missing,22.4032222,91.7565278,504.91079438479096,Z
N1,1000018,link,Start of Bituminous Pavement,22.40839921010101,91.75514357643098,592.9841996332926,Z
N1,1000019,link,Box culvert,22.4084167,91.7551389,2.0033228427001317,Z
N1,1000020,link,Km post missing,22.4119167,91.7543611,397.31063389418716,Z
N1,1000021,link,Bridge end,22.4182771,91.7506667,802.7532082657673,Z
N1,1000022,link,Bridge start,22.4185549,91.7504722,36.7954435136609,Z
N1,1000023,bridge,DHAMAKHALI BRIDGE,22.4220415536,91.7480209792,35.1,B
N1,1000024,link,Km post missing,22.4198882,91.7497774,164.5617234726871,Z
N1,1000025,link,Km post missing,22.4269716,91.7439997,986.4389026810201,Z
N1,1000026,link,Bridge end,22.4304438,91.7417219,451.5292501790795,Z
N1,1000027,link,Bridge start,22.4307493,91.7415274,39.41585707810519,Z
N1,1000028,link,Box culvert,22.4333049,91.7403608,308.4307531503891,Z
N1,1000029,bridge,HASNA BAD BOX CULVERT,22.4375035216216,91.7386659473513,3.0,A
N1,1000030,bridge,VATERIE BRIDGE,22.4350737918918,91.7396527192432,40.0,A
N1,1000031,link,Km post missing,22.4349719,91.7396941,197.6220377332192,Z
N1,1000032,bridge,SALAKHARPAD BRIDGE,22.4460793332411,91.7353674287057,26.3,C
N1,1000033,link,Km post missing,22.4433886,91.7364163,994.6785471516945,Z
N1,1000034,bridge,KODOM RASUL BOX CULVERT,22.4488628503871,91.7342823894358,3.0,A
N1,1000035,link,Info.Missing,22.45182350044248,91.7331283022124,996.9307948789793,Z
N1,1000036,link,Bridge end,22.4586389,91.7304716,805.5149934094837,Z
N1,1000037,bridge,SHLAKHAR PAD BRIDGE,22.4624386352,91.7285307,23.2,B
N1,1000038,bridge,Modonhat Bridge,22.4624386352,91.7285307,24.32,D
N1,1000039,link,Km post missing,22.4603056,91.7295827,206.61660780626704,Z
N1,1000040,link,Ctg 22 km,22.468416,91.7255827,991.0860348761203,Z
N1,1000041,bridge,HATIBORI BOX CULVERT,22.4728530893544,91.7232633541336,6.0,A
N1,1000042,link,Box culvert,22.4694438,91.7250549,126.50134175250685,Z
N1,1000043,link,Info.Missing,22.4765271,91.7213327,875.5747523871925,Z
N1,1000044,link,Bridge end,22.4773049,91.7211104,89.45265278796792,Z
N1,1000045,bridge,MUDDO SONAISORI BRIDGE,22.4811642144766,91.7203633632516,23.2,B
N1,1000046,bridge,Baro Aulia,22.4811642144766,91.7203633632516,24.33,D
N1,1000047,link,Bridge start,22.4775271,91.7210549,25.357040868395217,Z
N1,1000048,bridge,BARAOWLLA BOX CULVERT,22.4855480068965,91.7195309517241,4.5,A
N1,1000049,link,Ctg 24 km,22.4854163,91.7195549,890.6740422859184,Z
N1,1000050,bridge,GORA MARI BOX CULVERT,22.4904405976324,91.7182726733934,3.0,B
N1,1000051,link,Km post missing,22.494583,91.7170827,1050.4588161338822,Z
N1,1000052,link,Bridge end,22.4968052,91.7156389,288.197977368892,Z
N1,1000053,bridge,GORA MARA RCC GIRDER BRIDGE,22.5000858335766,91.7141504905109,17.6,A
N1,1000054,link,Km post missing,22.5025556,91.7130556,692.3012819782957,Z
N1,1000055,link,Box culvert,22.503,91.7128056,55.69037846594715,Z
N1,1000056,bridge,ROYL CIMINT GATE CULVETRT,22.5060220437735,91.7112848218867,4.5,A
N1,1000057,link,Bridge end,22.5073056,91.7106389,527.9707369711448,Z
N1,1000058,link,Bridge start,22.5074444,91.7105556,17.647276458382887,Z
N1,1000059,bridge,Chotokumir Bridge,22.5113471164122,91.7087907889313,41.11,A
N1,1000060,bridge,BORO KUMIRA BRIDGE,22.5113471164122,91.7087907889313,27.0,C
N1,1000061,link,Km post missing,22.5106111,91.7090833,383.22694034332307,Z
N1,1000062,link,Bridge end,22.5127778,91.7082222,256.65046233757676,Z
N1,1000063,link,Bridge start,22.5131389,91.7080833,42.61216915615143,Z
N1,1000064,link,Box culvert,22.5147222,91.7074444,187.88926919222345,Z
N1,1000065,link,Bridge end,22.5161667,91.70675,175.74654124386305,Z
N1,1000066,link,Ctg 28 km,22.5187216,91.7055556,309.45127926779446,Z
N1,1000067,link,Bridge end,22.519265407228914,91.70540328072288,62.45991279302457,Z
N1,1000068,bridge,KYSTELGATE ARCH,22.5229359167189,91.7038366163009,16.3,B
N1,1000069,link,Bridge start,22.519416,91.7053611,17.2965885077961,Z
N1,1000070,bridge,GULAM JUTE MILE BOX CULVERT,22.5303678038461,91.7004641228571,3.0,A
N1,1000071,link,Km post missing,22.5273049,91.7019444,944.8011232523174,Z
N1,1000072,bridge,SOTTANA MONDIR CULVERT,22.5390300234693,91.6965452744898,8.2,A
N1,1000073,link,Ctg 30 km,22.5354997,91.6979441,999.564122979097,Z
N1,1000074,bridge,SOUTH BALSH KHALI BOX CULVERT,22.5467727210909,91.6926260603636,3.0,A
N1,1000075,bridge,DOKHIN BASH-KHALI BOX CULVERT,22.5444897756363,91.6941310785454,5.2,A
N1,1000076,link,Km post missing,22.5438886,91.6945274,996.6202542731211,Z
N1,1000077,bridge,BARSH BARIA BRIDGE,22.5543319776357,91.6887963149094,21.6,B
N1,1000078,link,Ctg 32 km,22.5514167,91.6896941,973.1825482108721,Z
N1,1000079,bridge,OHIDPUR BOX CULVERT,22.5585210862619,91.687506242492,4.1,A
N1,1000080,link,Km post missing,22.5594444,91.6872219,928.0381249195021,Z
N1,1000081,link,Box culvert,22.5624722,91.6863608,348.09373246370404,Z
N1,1000082,link,Bridge end,22.564,91.6859441,175.1892652415261,Z
N1,1000083,link,Bridge start,22.5641389,91.6859163,15.706557312390908,Z
N1,1000084,bridge,PHPMORE BON CULVERT,22.5702905930578,91.6840096656198,3.0,A
N1,1000085,bridge,CHARA KANDI BOX CULVERT,22.5679968064462,91.6846866604958,8.2,A
N1,1000086,bridge,R. R TEXTAIL BOX CULVERT,22.5664212916363,91.6851826636363,4.5,A
N1,1000087,link,Km post missing,22.5679716,91.6846941,444.27049007727425,Z
N1,1000088,bridge,BARO-CUNDHOW BOX CULVERT,22.5767930229508,91.68162274153,10.2,A
N1,1000089,link,Km post missing,22.5763604,91.6818049,978.8282839091426,Z
N1,1000090,link,Box culvert,22.5779438,91.6811382,188.9046610363214,Z
N1,1000091,bridge,BAROGINDO CULVERT,22.5815086746355,91.6795390413994,2.5,A
N1,1000092,link,Road to Katirhat (Z1087),22.580666,91.6799438,326.592325432537,Z
N1,1000093,link,Bridge end,22.5834997,91.6785827,344.69106380838934,Z
N1,1000094,bridge,BAROCONDO BRIDGE,22.5870350167767,91.6770444686922,22.25,C
N1,1000095,link,Info.Missing,22.584583,91.6780827,130.93964249159768,Z
N1,1000096,bridge,HATILOTA BOX CULVERT,22.5938881803921,91.6738889367647,4.5,A
N1,1000097,link,Km post missing,22.5939997,91.6738327,1134.360544724105,Z
N1,1000098,link,Box culvert,22.5942219,91.6737771,25.358266793580565,Z
N1,1000099,bridge,SKM BOX CULVERT(1),22.5971665766519,91.671819207489,9.3,B
N1,1000100,link,Box culvert,22.5994441,91.6703049,681.3584519894077,Z
N1,1000101,link,Box culvert,22.6000556,91.6699438,77.4438153138557,Z
N1,1000102,bridge,DOKHIN MOHADEB PUR BOX CULVERT,22.6038394411764,91.6673745588235,2.95,A
N1,1000103,bridge,KALIAVA BOX CULVERT,22.6023506949579,91.6683367336134,4.5,B
N1,1000104,link,Ctg 38 km,22.6015833,91.6688327,204.6130792445209,Z
N1,1000105,link,Km post missing,22.6094444,91.6638333,1013.6318751267906,Z
N1,1000106,bridge,MADICAL MORE CULVERT,22.6117556741935,91.6625686731182,3.0,A
N1,1000107,link,Box culvert,22.6123889,91.6622222,366.80913182150044,Z
N1,1000108,bridge,PURBOMOHADAB PUR SLAB CULVERT(L),22.6149899686274,91.6602670503268,4.6,A
N1,1000109,bridge,DULAHAJRA(R),22.6149899686274,91.6602670503268,4.6,A
N1,1000110,link,"Ctg 40 km,Sitakanda 0 km",22.6169716,91.65875,621.8434399751661,Z
N1,1000111,bridge,MOHADAB PUR BOX CULVERT,22.6177563490118,91.6580589438735,3.0,A
N1,1000112,link,Box culvert,22.6175271,91.65825,80.30753682201134,Z
N1,1000113,link,Bridge end / Box culvert,22.6180271,91.6578333,70.14603572880655,Z
N1,1000114,link,Bridge start,22.6194993,91.6568889,190.24863099620725,Z
N1,1000115,link,Box culvert,22.6206938,91.6563611,143.44547602116697,Z
N1,1000116,bridge,EGOL PUR BOX CULVERT,22.6281666352941,91.6527578258312,3.0,A
N1,1000117,bridge,SITAKUNDA SLAB,22.6230461711711,91.6554672531531,3.0,A
N1,1000118,bridge,UTTOR SITAKONDO BAZAR BOX CULVERT,22.6258323373493,91.6541857554217,6.1,B
N1,1000119,link,Km post missing,22.6252216,91.6545278,537.4827962070317,Z
N1,1000120,bridge,KACHAI PATH BOX CULVERT,22.636096590965,91.648209240657,3.0,A
N1,1000121,bridge,KACHAI POTTI BOX CULVERT,22.6343285718685,91.6492077265913,3.0,A
N1,1000122,link,"Ctg 42 km,Sitakanda 2 km",22.6330827,91.649833,998.1253164448792,Z
N1,1000123,link,Km post missing,22.641583,91.6451108,1062.1924101500754,Z
N1,1000124,bridge,NUNA CHARA BOX CULVERT,22.6510709547445,91.6400341194647,4.6,A
N1,1000125,bridge,BOTTOL BOX CULVERT,22.6474561112311,91.6419171170626,12.4,A
N1,1000126,link,"Ctg 44 km,Sitakanda 4 km",22.6494997,91.640833,983.6877187986871,Z
N1,1000127,link,Box culvert,22.6527778,91.6391663,402.63959273530656,Z
N1,1000128,bridge,RONA SORA CULVERT,22.6547124294117,91.6379261764705,3.1,A
N1,1000129,link,Box culvert,22.6543889,91.6381386,207.88191571080478,Z
N1,1000130,link,Km post missing,22.6571389,91.636333,357.53903811757095,Z
N1,1000131,bridge,MIRJA PUR (3) BOX CULVERT,22.6657838981081,91.6311293581081,3.0,A
N1,1000132,bridge,SATU DURUAR HAT BOX CULVERT,22.6615956814814,91.6335257425926,3.0,A
N1,1000133,link,"Ctg 46 km,Sitakanda 6 km",22.6649167,91.6315549,994.1566683681623,Z
N1,1000134,bridge,Tarial Bazar Culvert,22.6699594391304,91.6293531695652,3.0,A
N1,1000135,link,Box culvert,22.6678604,91.6301104,359.31759582539445,Z
N1,1000136,link,Box culvert,22.6722493,91.6285271,514.3518103086346,Z
N1,1000137,bridge,TARAT BOX CULVERT,22.6769772991044,91.6268169453731,6.0,A
N1,1000138,link,Km post missing,22.6743049,91.6277493,242.10305570174157,Z
N1,1000139,link,"Ctg 48 km,Sitakanda 8 km",22.6825549,91.6241938,987.2258541362118,Z
N1,1000140,bridge,BORO KAMALDA BOX CULVERT,22.6868697647058,91.6220385823529,3.2,A
N1,1000141,link,Box culvert,22.685083,91.6228327,313.8842057921372,Z
N1,1000142,bridge,VANGGARPOL BOX CULVERT,22.6912517148148,91.6201690574074,4.2,A
N1,1000143,link,Km post missing,22.6904163,91.6205271,638.4665435596424,Z
N1,1000144,link,"Ctg 50 km,Sitakanda 10 km",22.6984997,91.616666,982.2377920932767,Z
N1,1000145,link,Box culvert,22.7002222,91.6157778,212.1005302513742,Z
N1,1000146,bridge,DUKHIN UTHPAR BOX CULVERT,22.701816503937,91.6149734608923,19.2,A
N1,1000147,link,Box culvert,22.7033056,91.6142222,378.17417840242035,Z
N1,1000148,link,Km post missing,22.7065556,91.6123611,408.70989315894565,Z
N1,1000149,link,Box Culvert,22.7076111,91.6118056,130.46716823541493,Z
N1,1000150,bridge,ISAMATI BOX CULVERT,22.7138727382812,91.6082352218749,19.2,C
N1,1000151,link,"Ctg 52 km,Sitakhada 12 km",22.7143889,91.6079444,851.386666269445,Z
N1,1000152,link,Box culvert,22.716,91.6069167,207.85787874294934,Z
N1,1000153,bridge,MIRZAPUR (2) BOX CULVERT,22.7172707342307,91.6061084846153,3.0,A
N1,1000154,link,Box culvert,22.7165556,91.6065556,72.03162169135896,Z
N1,1000155,bridge,MIRJAPUR BOX CULVERT,22.7178243865384,91.6057623307692,3.0,A
N1,1000156,link,Km post missing,22.7185549,91.6053056,256.63313500720136,Z
N1,1000157,bridge,NIAZAMPUR BOX CULVERT,22.723316755473,91.6024331404452,3.0,A
N1,1000158,link,Km post missing,22.7263882,91.6007778,987.0875683425542,Z
N1,1000159,link,Km post missing,22.7349997,91.5979441,1000.6857017293142,Z
N1,1000160,link,Box culvert,22.7433052,91.5950274,970.7604597953876,Z
N1,1000161,bridge,BOTHAGIA (-3) BOX CULVERT,22.7445136523437,91.5943998915364,8.1,B
N1,1000162,link,Km post missing,22.7435552,91.5949163,30.042875154412478,Z
N1,1000163,link,Box culvert,22.7496386,91.5916386,755.3476736077537,Z
N1,1000164,bridge,VARTAKA BOX CULVERT,22.7535653245121,91.5886004236585,12.9,A
N1,1000165,bridge,VARTAGIA BOX CULVERT,22.7506393495689,91.5908840370689,3.0,A
N1,1000166,link,Km post missing,22.7513333,91.5903608,229.5198352962843,Z
N1,1000167,link,Km post missing,22.7585278,91.5845274,998.8899899572942,Z
N1,1000168,bridge,BOKIMTOLA BOX CULVERT,22.7630626913907,91.5804538821192,4.0,A
N1,1000169,link,Km post missing,22.7654722,91.5785549,985.5391555973806,Z
N1,1000170,link,Box culvert,22.7661944,91.5779993,98.4586952369156,Z
N1,1000171,bridge,IANAINIPOL BOX CULVERT.,22.770251666098,91.5750905211087,9.7,A
N1,1000172,link,Km post missing,22.7730271,91.5734716,890.3593800930649,Z
N1,1000173,bridge,Mirsorai(2) box culvert,22.774197092,91.5728737519999,6.0,A
N1,1000174,link,Box culvert,22.7732771,91.5733604,30.045824005107992,Z
N1,1000175,link,Road to Narayanhat (Z1021),22.7771104,91.5713327,474.238218418163,Z
N1,1000176,link,Km post missing,22.7812216,91.5695827,491.09110981768595,Z
N1,1000177,bridge,MIRAISORI BRIDGE,22.7821968918511,91.5691025661971,23.2,B
N1,1000178,link,Bridge start,22.7813327,91.5695271,13.605401165119106,Z
N1,1000179,link,Km post missing,22.7893608,91.5655833,979.974568118452,Z
N1,1000180,link,Box culvert,22.7896108,91.5654444,31.233407929650927,Z
N1,1000181,bridge,MIRSARAI BOX CUL,22.7941813523326,91.5629612622718,4.5,A
N1,1000182,link,Km post missing,22.7974719,91.5613611,969.1693118832746,Z
N1,1000183,link,Km post missing,22.8059444,91.5589167,974.8501189958716,Z
N1,1000184,link,Box culvert,22.8059722,91.5589167,3.091218960498995,Z
N1,1000185,link,Box culvert,22.808,91.5579167,247.68572901308406,Z
N1,1000186,bridge,MUCHIPOOL CULVERT,22.811563437647,91.5562562129411,9.5,B
N1,1000187,link,Box culvert,22.8110556,91.5563889,374.1187635716205,Z
N1,1000188,link,Km post missing,22.8141389,91.5555833,352.6504689159085,Z
N1,1000189,link,Km post missing,22.8228049,91.5531389,995.6510781425831,Z
N1,1000190,bridge,PURPU DURGAPURE BOX CUL,22.8243706577981,91.5526915454128,12.4,C
N1,1000191,link,Box culvert,22.8239438,91.5528333,130.45553107982812,Z
N1,1000192,bridge,RAIPUR BOX CUL-1,22.8327467692419,91.5501035014577,3.0,A
N1,1000193,bridge,RAIPUR (2) BOX CULVERT,22.8309613422018,91.5505028545871,4.5,A
N1,1000194,link,Km post missing,22.8313882,91.5503611,865.6863185120434,Z
N1,1000195,link,Pipe culvert,22.8372497,91.5492497,661.646010410453,Z
N1,1000196,bridge,MUSTAN NAGAR -4,22.8410943334277,91.5488096951841,3.0,A
N1,1000197,link,Km post missing,22.8401941,91.5490552,328.00849389665075,Z
N1,1000198,bridge,MASTARI HAGOR 3 CULVERT,22.8434551375,91.54814955625,1.5,A
N1,1000199,link,Box culvert,22.8432497,91.5482219,350.33361481939386,Z
N1,1000200,bridge,MUSTAU NOGAR(2),22.8453914894736,91.5474689210526,3.0,A
N1,1000201,link,Box culvert,22.8452219,91.5475274,230.55742089369193,Z
N1,1000202,bridge,MASTANNAGOR BONCUL(1),22.8486172764705,91.5463706117647,8.5,A
N1,1000203,link,Km post missing,22.8486663,91.5463608,401.22231606900345,Z
N1,1000204,bridge,DHARBAR TILA CULVERT,22.8609876872509,91.5451551717131,4.3,A
N1,1000205,bridge,MADDUM SONAPHAR-3,22.8594847882591,91.5454799987854,2.0,A
N1,1000206,bridge,MAMAFOUN ASTANA CULVERT,22.8560565672727,91.5457188709091,1.5,A
N1,1000207,bridge,MAMAFAKIR ASTANA SLAB CULVERT,22.8551475327433,91.5458221849557,1.5,A
N1,1000208,link,Km post missing,22.8575556,91.5456386,991.2112967432461,Z
N1,1000209,bridge,MADDAM SONAPAR(1) BOX CULVERT,22.8680563702127,91.5432963340425,1.5,A
N1,1000210,link,Km post missing,22.8661111,91.5439997,966.0346777366337,Z
N1,1000211,bridge,UTTOR SONAPAR BOX CULVERT,22.8746986941176,91.5408836647058,4.3,A
N1,1000212,bridge,CHAIRMEN BARI BOX CULVERT,22.872722034892,91.5415958766187,2.0,A
N1,1000213,link,Km post missing,22.8744438,91.5409719,977.1037992504389,Z
N1,1000214,link,Km post missing / Box culvert,22.8829993,91.5381663,993.8002669948728,Z
N1,1000215,bridge,BAROYARHAT BOX CULVERT,22.8916386,91.5354719,3.0,A
N1,1000216,link,Km post missing,22.8916386,91.5354719,999.5130572576437,Z
N1,1000217,link,Box culvert,22.8921663,91.5353052,61.11183260551195,Z
N1,1000218,link,Start of Bituminious Pavement,22.8929719,91.5350274,93.99004393691403,Z
N1,1000219,link,Road to Karerhat (R151),22.8939997,91.5346941,119.27696808335361,Z
N1,1000220,link,End of Bituminous Pavment,22.8994441,91.5336108,615.475561857894,Z
N1,1000221,bridge,BOROYAR PARA SLUB CULVERT,22.9042462955223,91.5316297776119,3.0,A
N1,1000222,link,Km post missing,22.9003333,91.5333608,102.13683084384758,Z
N1,1000223,bridge,BUMGAT BOXCULVERT,22.9097128884012,91.5289285034482,6.1,A
N1,1000224,link,Km post missing,22.9085833,91.5294993,998.9924321031544,Z
N1,1000225,link,Bridge end/Start of Chittagong Road Division / Bridge end/Start of Chittagong Road Division,22.9138056,91.5268604,640.5136168115432,Z
N1,1000226,bridge,DumGhat Bridge(L),22.9149647061403,91.5262895350877,222.43,A
N1,1000227,bridge,DHOOM GHAT PC GIRDER,22.9149647061403,91.5262895350877,220.6,B
N1,1000228,link,Bridge start,22.9156667,91.5259438,227.24281226000085,Z
N1,1000229,link,Km post missing,22.9167216,91.5253882,130.37345746996692,Z
N1,1000230,link,Km post missing,22.9248882,91.5213327,998.5637361940238,Z
N1,1000231,link,Km post missing,22.9329716,91.5172216,992.5494208823386,Z
N1,1000232,link,Km post missing,22.940833,91.5124444,1001.7244225256587,Z
N1,1000233,link,Road to Chhagalnaiya (Z1032),22.9439441,91.5108611,382.0459686173813,Z
N1,1000234,link,Ctg 81 kkm,22.9482774,91.50725,607.3677448615989,Z
N1,1000235,bridge,MUHURI BRIDGE,22.9496126090047,91.502066899526,191.5,B
N1,1000236,bridge,Muhuri Bridge(L),22.9496126090047,91.502066899526,193.22,B
N1,1000237,link,Bridge end,22.949583,91.5027778,480.3887645126706,Z
N1,1000238,link,Bridge start,22.9496663,91.5007778,204.99662478813678,Z
N1,1000239,link,Km post missing,22.9497774,91.4980274,281.89406297954497,Z
N1,1000240,link,Ctg 83 km,22.9497497,91.4883608,989.8020365832274,Z
N1,1000241,bridge,FAZAILPUR BOXCULVERT,22.9486038666666,91.4794993833333,1.5,A
N1,1000242,link,Km post missing,22.9484997,91.4786938,999.5539775599125,Z
N1,1000243,link,Road to Mounshirhat (Z1081),22.9483608,91.4761382,262.1348739495101,Z
N1,1000244,link,"Ctg 85 km,Bairyahat 10 km",22.9479997,91.4689993,732.087627630174,Z
N1,1000245,link,Km post missing,22.9514444,91.4600278,995.2808982096457,Z
N1,1000246,link,Ctg 87 km,22.9561389,91.4517778,992.9970164268642,Z
N1,1000247,bridge,Lemua Bridge(L),22.9614487369369,91.4429962027027,98.87,C
N1,1000248,bridge,LAMUA BRIDGE,22.9614487369369,91.4429962027027,94.05,B
N1,1000249,link,Km post missing,22.9611667,91.4433886,1024.8601084516645,Z
N1,1000250,link,Bridge end,22.9618056,91.4424997,115.45473844599923,Z
N1,1000251,link,Bridge start,22.9624167,91.4416941,106.86642667056385,Z
N1,1000252,link,Km post missing,22.9663333,91.4356108,759.9831007031479,Z
N1,1000253,link,Km post missing,22.9711382,91.4273882,997.0563908836276,Z
N1,1000254,link,Ctg 91 km,22.9774438,91.4205827,988.4437283501411,Z
N1,1000255,link,Ctg 91 km,22.9842219,91.4137222,1030.188124767654,Z
N1,1000256,link,Road to Sonagazi (Z1034),22.9858886,91.4120556,251.89795925452788,Z
N1,1000257,link,Road to Feni Town (Z1034),22.9877774,91.41,297.3013401329205,Z
N1,1000258,bridge,.,22.9927169359869,91.4047486961832,1.9,A
N1,1000259,link,"Ctg 93 km,Lalpole 1 km",22.9906941,91.4072222,431.3205186216557,Z
N1,1000260,bridge,RAMPUR BRIDGE,22.9947280792802,91.4022894900763,23.4,A
N1,1000261,bridge,Rampur Bridge(R),22.9945936133042,91.4024539137404,22.15,A
N1,1000262,bridge,Rampur Bridge(L),22.9947280792802,91.4022894900763,22.86,B
N1,1000263,link,Bridge end,22.9960552,91.4006667,897.57508694061,Z
N1,1000264,link,Bridge start,22.9961941,91.4005,23.01517402232766,Z
N1,1000265,link,Km post missing,22.9963886,91.3998052,74.33431845161775,Z
N1,1000266,bridge,RAMPUR BOX CULVERT,22.999248756,91.3957752,1.5,A
N1,1000267,link,Ctg 95 km,23.0018889,91.3920552,1001.6599132539068,Z
N1,1000268,bridge,CHARIPUR CULVERT.,23.0124048410423,91.3779796149837,3.4,A
N1,1000269,link,Km post missing,23.0132778,91.3769438,1998.963954534788,Z
N1,1000270,link,Box culvert,23.0140833,91.3759716,133.87520084867612,Z
N1,1000271,link,Box culvert,23.0185271,91.3708327,721.6410971564712,Z
N1,1000272,link,"Ctg 98 km,Feni 2 km",23.0193604,91.3697771,142.32496168094818,Z
N1,1000273,link,Road to Biroli (Z1030),23.0248327,91.3655278,747.9121404596016,Z
N1,1000274,bridge,DEBIPUR SLAB CULVERT,23.0269801170731,91.3655004839721,1.6,A
N1,1000275,link,"Ctg 99 km,Feni 3 km",23.0269716,91.3655,237.85184328577293,Z
N1,1000276,link,Km post missing,23.0360274,91.36575,1007.2839449191423,Z
N1,1000277,bridge,FATAPUR BOX CULVERT,23.0379728055555,91.3656784724359,10.8,A
N1,1000278,link,Rail Road Crossing,23.0398052,91.3656111,420.31257713498354,Z
N1,1000279,link,Box culvert,23.0427774,91.3654444,330.9334523100862,Z
N1,1000280,link,Ctg 101 km,23.0449719,91.3653611,244.16608145743996,Z
N1,1000281,link,Ctg 102 km,23.0538611,91.3637222,1002.5573428617755,Z
N1,1000282,bridge,MOHAMMAD ALI MAZAR,23.0607473333333,91.3618624619047,4.0,B
N1,1000283,link,Ctg 103 km,23.0635278,91.3616389,1095.8169124733008,Z
N1,1000284,link,Box Culvert,23.0636944,91.3616389,18.525074778985346,Z
N1,1000285,link,Start of Feni road Division / Start of Feni road Division,23.0688604,91.3607222,582.0382596272461,Z
N1,1000286,bridge,DUTHOSHA BOX CULVERT,23.070198184,91.3603022,6.1,B
N1,1000287,link,Km post missing,23.0712493,91.3599722,276.4926315248715,Z
N1,1000288,bridge,KOKALI BOX CULVERT,23.0779647046997,91.3566005031331,14.2,B
N1,1000289,link,Ctg 122 km,23.0792493,91.3558333,985.1830489728923,Z
N1,1000290,link,Bridge end,23.0806938,91.3549444,184.57343831428082,Z
N1,1000291,bridge,UTTOR KAIEATI CULVERT,23.0819909531309,91.3541811474383,3.5,A
N1,1000292,link,Bridge start,23.0808049,91.3548611,15.007480370629768,Z
N1,1000293,link,Box culvertt,23.0849719,91.3524722,523.8392484618606,Z
N1,1000294,bridge,FOEALTPARA BOX CULVERT,23.0870753710144,91.3512101492753,9.25,B
N1,1000295,link,Km post missing,23.0876108,91.3508889,335.1598657441866,Z
N1,1000296,bridge,PODOYA BOX CULVERT,23.0930298369186,91.3478308386627,3.1,A
N1,1000297,bridge,ADONCORA,23.0973512527272,91.3454956309091,9.5,B
N1,1000298,link,Km post missing,23.095583,91.3464441,996.2548101744713,Z
N1,1000299,bridge,CHANGARPULL(II) BOX CULVERT,23.1017563206521,91.343162998913,3.1,B
N1,1000300,link,Km post missing,23.1035,91.3422497,979.2979592645255,Z
N1,1000301,bridge,Chanara Box Culvert,23.1074284451388,91.3400495436111,6.1,A
N1,1000302,link,Box culvert,23.1051111,91.3413608,200.89443320833266,Z
N1,1000303,link,Km post missing,23.1113611,91.3378052,784.357628674511,Z
N1,1000304,bridge,FOKIR BAZAR SLAB CULVERT,23.1196973774193,91.3328165129032,4.5,B
N1,1000305,bridge,KAKKARA CULVERT,23.1158251554,91.335094485,5.3,B
N1,1000306,link,"Ctg 127 km,Feni 16 km",23.1191382,91.3330827,990.4971245133898,Z
N1,1000307,link,Km post missing,23.1213327,91.3320549,265.6913813830176,Z
N1,1000308,bridge,HASO BOTHACH BOX CULVERT,23.1252363577777,91.3303863688888,6.5,A
N1,1000309,link,Box culvert,23.1234993,91.3311382,258.51098748596013,Z
N1,1000310,bridge,JAGOT PUR BOX CULVERT,23.1332639685968,91.327546416481,3.0,B
N1,1000311,link,Km post missing,23.1295827,91.3284993,728.2825772713541,Z
N1,1000312,bridge,JAGARNATHPUR BOX CULVERT,23.1389893200345,91.3263585348877,6.1,B
N1,1000313,link,Km post missing,23.1382219,91.3263049,986.4931937555739,Z
N1,1000314,bridge,DIMATOLY (2) BOX CULVERT,23.1436667679334,91.3266680470308,3.5,B
N1,1000315,link,Km post missing,23.1471663,91.3266938,995.3664806534222,Z
N1,1000316,link,Box culvert,23.1480274,91.3264993,97.79324241879432,Z
N1,1000317,bridge,DIMATOLI (1) BOX CULVERT,23.1527364949367,91.3243178772152,6.3,B
N1,1000318,link,Km post missing,23.1554167,91.3232771,885.2358199236588,Z
N1,1000319,bridge,ANDAJER BAZER BOX CULVERT,23.1635138669191,91.3215889464646,9.5,A
N1,1000320,link,Km post missing,23.1641389,91.3214993,986.7474462884945,Z
N1,1000321,link,Bridge end,23.1680549,91.3213604,435.670795115974,Z
N1,1000322,bridge,NANKORA BOX CULVERT,23.1726272318681,91.3205774642857,3.1,B
N1,1000323,link,Ctg 133 km,23.172916,91.3205271,547.200827336623,Z
N1,1000324,bridge,BASHONTA PUR (2),23.1817958149837,91.3208787514658,9.5,B
N1,1000325,link,Km post missing,23.1826382,91.3210827,1082.5501138059903,Z
N1,1000326,bridge,BOSONTA PUR BOX CULVERT,23.1874350254302,91.3209051317399,6.1,C
N1,1000327,link,Bridge end,23.1866108,91.3212771,442.1796614424624,Z
N1,1000328,link,Km post missing,23.1909997,91.3192493,530.2128075406293,Z
N1,1000329,bridge,ATTOCK GRAM BOX CULVERT,23.1961887953757,91.3176705069364,6.1,A
N1,1000330,link,Km post missing,23.1990274,91.3170549,920.3848001306542,Z
N1,1000331,bridge,FALGUNCORA CULVERT,23.2050386287937,91.3163167282749,6.1,A
N1,1000332,link,Km post missing,23.2078889,91.3159722,991.5473648020253,Z
N1,1000333,bridge,HAYDAR POLE BOX CULVERT,23.2131955721448,91.3153497403899,14.3,B
N1,1000334,link,Km post missing,23.2165556,91.3149167,969.7109475719185,Z
N1,1000335,link,Box culvert,23.2184993,91.3143889,222.75785466492601,Z
N1,1000336,bridge,CHADDAGRAM BAZAR BOX CULVERT,23.2220338977777,91.3137005933333,6.0,A
N1,1000337,bridge,CHAUDDAGARAM BOX CULVERT,23.2259184472573,91.3135697177215,2.6,B
N1,1000338,link,Km post missing,23.2253882,91.3135833,770.4214729501846,Z
N1,1000339,bridge,KALIA BAZER BOC CULVERT,23.2289195919642,91.3134220678571,3.1,B
N1,1000340,link,Box culvert,23.2314993,91.3132222,680.5243408960008,Z
N1,1000341,bridge,KALIR BAZAR BOX CULVERT,23.2360759516523,91.3129901976744,2.5,A
N1,1000342,link,Km post missing,23.2343052,91.3131667,312.05337677539916,Z
N1,1000343,bridge,BALUZURI 2 CULVERT,23.2397920309669,91.3125740860465,2.6,A
N1,1000344,bridge,BALUJURI BOX CULVERT,23.2429040619631,91.3119739539877,19.2,B
N1,1000345,link,Km post missing,23.243083,91.3119167,984.3673270239461,Z
N1,1000346,bridge,SONAGATI BOX CULVERT,23.2443915125925,91.3114032292592,2.5,B
N1,1000347,link,Box culvert,23.2452774,91.3110556,259.3822227696089,Z
N1,1000348,link,Bridge end,23.2481663,91.3098889,342.63349358972687,Z
N1,1000349,bridge,HARISHARDE CULVERT,23.2527463398104,91.3083926405213,4.5,B
N1,1000350,link,Km post missing,23.2511944,91.3086389,360.11405228420745,Z
N1,1000351,bridge,RANGAMATIA (1) BOX CULVERT,23.2618360940594,91.3070217386138,3.0,B
N1,1000352,bridge,RANGOWATIA 2 CULVERT,23.25941665,91.3073611,3.0,B
N1,1000353,bridge,NOWA PARA BOX CULVERT,23.2576429774881,91.3076156494075,3.6,B
N1,1000354,link,Km post missing,23.2601111,91.3072778,1001.1948428888328,Z
N1,1000355,link,Box culvert,23.2636667,91.30675,399.0242652748181,Z
N1,1000356,link,Box culvert,23.2654444,91.3064444,200.12118107016482,Z
N1,1000357,link,Km post missing,23.2686382,91.3049722,385.66430094383026,Z
N1,1000358,bridge,AMAN GONG SLAB CULVERT,23.27301895,91.3029661882,6.3,B
N1,1000359,link,Km post missing,23.2768882,91.3011944,995.218148998382,Z
N1,1000360,link,Box culvert,23.2787216,91.3002778,224.33559002663796,Z
N1,1000361,bridge,BOWCHI BAZAR CULVERT,23.2821949258397,91.2966655096899,4.6,B
N1,1000362,link,Km post missing,23.283583,91.2952219,747.5912726570301,Z
N1,1000363,bridge,SUPUYA BOX CULVERT,23.2897066386454,91.2929584711155,13.4,A
N1,1000364,link,Km post missing,23.2919163,91.2922219,975.9670656850769,Z
N1,1000365,bridge,LALGORE BEZER CULVERT,23.2979675271676,91.2910141369942,3.2,A
N1,1000366,link,Bridge end,23.2959719,91.2915274,456.5062322086979,Z
N1,1000367,bridge,DHARMA PUR SLAB CULVERT,23.3034306450331,91.2889770397351,2.6,B
N1,1000368,link,Km post missing,23.3006111,91.290333,530.0815026988208,Z
N1,1000369,bridge,DOLL BARI CULVERT,23.3083612731261,91.2865787034735,19.2,B
N1,1000370,link,Km post missing,23.3086944,91.2864163,983.8033546971078,Z
N1,1000371,link,Box culvert,23.3096389,91.2861386,108.78496341003327,Z
N1,1000372,link,Bridge end,23.31475,91.2845552,590.8820439536012,Z
N1,1000373,bridge,NOYA BAZER BOX CULVERT,23.3180696869138,91.2830867321701,9.2,A
N1,1000374,link,Km post missing,23.3171382,91.2836941,279.73495006792024,Z
N1,1000375,link,Bridge end,23.3240827,91.279166,900.0367582637779,Z
N1,1000376,link,Km post missing,23.3246382,91.278666,80.13667456095193,Z
N1,1000377,bridge,MIABAZAR BOX CULVERT,23.3301462324,91.2748792824,24.0,A
N1,1000378,link,Km post missing,23.3321938,91.2734716,993.548202443762,Z
N1,1000379,link,Road to Harishchar (Z1046),23.3347219,91.271166,366.6590207206726,Z
N1,1000380,link,Bridge end,23.3357219,91.2703049,141.75284265654622,Z
N1,1000381,link,Bridge start,23.3360274,91.2700549,42.4909097253507,Z
N1,1000382,bridge,CHANSIRI BOXCUIVERT,23.342671472,91.264485636,14.3,A
N1,1000383,link,Km post missing,23.3390552,91.2672216,443.8804995294982,Z
N1,1000384,link,Km post missing,23.3463608,91.2616944,989.1065003883724,Z
N1,1000385,link,Box culvert,23.3486386,91.2599444,309.9503371187702,Z
N1,1000386,bridge,LAL BAG RCC GIDER BRIDGE,23.3521636774381,91.2572910746724,22.8,C
N1,1000387,bridge,Lalbag Bridge.,23.3521636774381,91.2572910746724,22.88,C
N1,1000388,link,Km post missing,23.3536944,91.2561389,683.3538172766257,Z
N1,1000389,link,Bridge end,23.3584444,91.2533333,600.8309706553052,Z
N1,1000390,link,"Ctg 156 km,Feni 43 km",23.3615278,91.2515556,387.921009068999,Z
N1,1000391,bridge,Suagazi Bridge.,23.3713647755,91.2450175414999,30.48,A
N1,1000392,bridge,SUAGAZI RCC GIDER BRIDGE,23.3713647755,91.2450175414999,30.4,A
N1,1000393,link,Km post missing,23.3695827,91.2462774,1045.2254961236683,Z
N1,1000394,link,Km post missing,23.377166,91.2409163,1005.2186576930964,Z
N1,1000395,link,Bridge end,23.3777493,91.2405274,76.04224280127818,Z
N1,1000396,link,Bridge start,23.3779716,91.2403608,30.002624805074145,Z
N1,1000397,link,Km post missing,23.3843886,91.2351108,892.332541133678,Z
N1,1000398,link,Box culvert,23.3849719,91.2346108,82.52851154003133,Z
N1,1000399,link,Box culvert,23.385083,91.2345552,13.594719886144723,Z
N1,1000400,link,Km post missing,23.3915274,91.2292493,898.1814412435865,Z
N1,1000401,bridge,RAZAPARA RCC GIDER BRIDGE,23.3976518197887,91.2234221346859,27.9,A
N1,1000402,bridge,Matigara Bridge,23.3976518197887,91.2234221346859,27.35,C
N1,1000403,link,Km post missing,23.398213447804338,91.22288776581436,987.0198307606148,Z
N1,1000404,link,Bridge end,23.4035556,91.2178049,788.6133490461165,Z
N1,1000405,link,Bridge start,23.40375,91.2176382,27.507187707642906,Z
N1,1000406,link,Ctg 162 km,23.4048056,91.2165278,163.147535408746,Z
N1,1000407,link,Ctg 163 km,23.4100833,91.2087778,984.7971818902138,Z
N1,1000408,link,Ctg 164 km,23.4113056,91.1988886,1018.2196949423533,Z
N1,1000409,bridge,Mostapur Bridge,23.4119324230158,91.1939029849206,27.35,C
N1,1000410,bridge,MOSTAPUR RCC GIDER BRIDGE,23.4119324230158,91.1939029849206,27.9,B
N1,1000411,link,Km post missing,23.4125,91.1893886,978.4402288196844,Z
N1,1000412,link,Bridge end,23.4130556,91.1849163,460.5154492196105,Z
N1,1000413,link,Bridge start,23.4131111,91.1846663,26.245757884438028,Z
N1,1000414,link,"Ctg 66 km,Feni 52 km",23.4149444,91.1801382,505.014063007521,Z
N1,1000415,link,Km post missing,23.4195271,91.171416,1025.5398159737015,Z
N1,1000416,bridge,Paduar Bazar Bridge,23.4212487704918,91.1678943372365,35.97,C
N1,1000417,bridge,PADUAR BAZER RCCGIDER,23.4212487704918,91.1678943372365,35.9,B
N1,1000418,link,Rail Road Crossing,23.4213604,91.167666,433.5433264589741,Z
N1,1000419,link,Bridge end,23.423416,91.1632778,502.70777350695425,Z
N1,1000420,link,Bridge start,23.4235827,91.1629722,36.27444208144729,Z
N1,1000421,link,Ctg 168 km,23.4236938,91.1626944,30.91951513164471,Z
N1,1000422,link,Km post missing,23.4288882,91.1553889,942.9719808240084,Z
N1,1000423,link,Ctg 170 km,23.4373886,91.1521944,999.8133978173756,Z
N1,1000424,bridge,DHANPUR RCC GIDER BRIDGE,23.4436339598272,91.1493668151188,23.4,A
N1,1000425,bridge,Dhanpur Bridge,23.4436339598272,91.1493668151188,22.85,C
N1,1000426,link,Km post missing,23.4425274,91.1497774,622.341645676781,Z
N1,1000427,link,Cross Road with Z1052,23.4469441,91.1481386,518.790463270483,Z
N1,1000428,link,Bridge end,23.4486386,91.1472497,209.10459949836908,Z
N1,1000429,link,Bridge start,23.448833,91.1471386,24.407238194810734,Z
N1,1000430,link,Km post missing,23.4513056,91.1460552,296.3219765656017,Z
N1,1000431,link,Km post missing,23.4595833,91.1421386,1003.4056496052082,Z
N1,1000432,link,Km post missing,23.4682216,91.1394441,999.0819422426522,Z
N1,1000433,link,Km post missing,23.4767216,91.1364441,993.4515536213847,Z
N1,1000434,bridge,AMTOLI SLAB CULVERT,23.479544924,91.129047144,2.9,A
N1,1000435,link,Km post missing,23.4800827,91.1276382,972.7662315324262,Z
N1,1000436,bridge,TIPRA BAZAR BOX CULVERT,23.4794083880733,91.1238920825688,1.4,A
N1,1000437,link,Box culvert,23.4793327,91.1234716,433.0497555379867,Z
N1,1000438,link,Road to Brahmanbaria(N102),23.4789716,91.118166,542.5981632170954,Z
N1,1000439,link,Km post missing,23.4789716,91.1179993,17.00151526650849,Z
N1,1000440,bridge,NAZIRA BOX CULVERT,23.4781159049382,91.1070332074074,3.0,B
N1,1000441,link,Km post missing,23.4779993,91.1055278,1276.5432303897906,Z
N1,1000442,link,Box culvert,23.4778604,91.1036111,196.092471616826,Z
N1,1000443,link,Km post missing,23.4775549,91.0986663,505.461313767913,Z
N1,1000444,bridge,KABILA DUBARCHAR SLAB CULVERT,23.4776722851,91.0847406393,1.0,C
N1,1000445,link,Km post missing,23.4781938,91.0889997,988.4484196298185,Z
N1,1000446,link,Km post missing,23.4770271,91.0794716,980.3898121806984,Z
N1,1000447,bridge,NIMSHAR SLAB CULVERT,23.480613086,91.0674097692,1.5,A
N1,1000448,link,Km post missing,23.4801104,91.0706382,963.941146293718,Z
N1,1000449,link,Km post missing,23.4815549,91.0613611,959.6829211626276,Z
N1,1000450,bridge,COREPAI BOX CULVERT,23.4817498298684,91.0563549686842,4.6,B
N1,1000451,link,Km post missing,23.4821382,91.0516944,988.0038647604555,Z
N1,1000452,bridge,CORI PAI BOX CULVERT,23.4817873233065,91.0463348850746,4.6,B
N1,1000453,link,Ctg 184 km,23.4814716,91.0419719,994.3303631566354,Z
N1,1000454,link,Km post missing,23.4827771,91.0321382,1013.3537308389762,Z
N1,1000455,link,Km post missing,23.4846386,91.0229438,960.2652386649643,Z
N1,1000456,bridge,CHANDINA- SHAHA PARA RCC GIDER GRIDGE,23.4868805937254,91.017566692647,23.1,C
N1,1000457,bridge,Chandinan-Shahapara Bridge.,23.4868805937254,91.017566692647,22.55,C
N1,1000458,link,Ctg 187 km,23.488333,91.0140833,992.6143958288052,Z
N1,1000459,link,Bridge end,23.4889441,91.01225,198.92767537878336,Z
N1,1000460,link,"Ctg 188 km,Comilla 20 km",23.4893052,91.0112778,106.9677843307557,Z
N1,1000461,link,Ctg 188 km,23.4896108,91.0043056,711.8405707031731,Z
N1,1000462,link,Road to Jhalam (Z1022),23.4893886,91.0034722,88.50910620911067,Z
N1,1000463,link,Road to Debiduar (Z1008),23.4894441,91.0033056,18.076069103406173,Z
N1,1000464,link,Km post Missing,23.4911386,90.9950274,864.98156632589,Z
N1,1000465,bridge,MILL GHAT BOX CULVERT,23.4932728146,90.9887200416,4.5,A
N1,1000466,link,Km post Missing,23.4942497,90.985833,999.4090035861554,Z
N1,1000467,link,Km post Missing,23.4942219,90.9765549,946.1568128484001,Z
N1,1000468,bridge,KARON KHAL SLAB CULVERT,23.495896314,90.9715772516,4.6,B
N1,1000469,link,Ctg 191 km,23.4972774,90.9674716,986.6212460117413,Z
N1,1000470,link,Box culvert,23.4980552,90.9660278,170.75380813156306,Z
N1,1000471,link,Km post Missing,23.4986386,90.9651111,113.7833082215798,Z
N1,1000472,link,Km post Missing,23.4995274,90.9541667,1120.4021876665051,Z
N1,1000473,bridge,SONAPUR BOX CULVERT,23.5013551924,90.9473844088999,3.0,A
N1,1000474,bridge,MATIA BAZER,23.5024077848,90.9432418928,6.0,B
N1,1000475,link,Km post Missing,23.5020278,90.9448886,986.1115390768947,Z
N1,1000476,link,Box culvert,23.5028611,90.9412774,379.7148824257383,Z
N1,1000477,link,Box culvert,23.5038611,90.9371386,436.43547828586327,Z
N1,1000478,link,"Z1017, Road to Companiganj",23.5043333,90.9354719,177.878167519675,Z
N1,1000479,link,Km post Missing,23.5042778,90.9354163,8.380226370104218,Z
N1,1000480,bridge,BAKRA BOX CULVERT,23.5056131416,90.9214660218,3.0,B
N1,1000481,link,Km post Missing,23.5055278,90.9257216,998.2789365172162,Z
N1,1000482,link,Km post Missing,23.5057222,90.9160278,988.6944498406251,Z
N1,1000483,link,Box culvert,23.50575,90.91525,79.37092017601536,Z
N1,1000484,bridge,KHAT GHOR BOX CULVERT,23.5060024341,90.9021745389,5.9,B
N1,1000485,link,Km post Missing,23.5062778,90.9063889,905.4506520930273,Z
N1,1000486,link,Km post Missing,23.5056389,90.8966108,999.5792759709863,Z
N1,1000487,link,Box culvert,23.5056111,90.8958886,73.70619421964642,Z
N1,1000488,link,Km post Missing,23.506,90.8869163,915.9083225488732,Z
N1,1000489,bridge,Illiot bazar Bridge,23.510087758207,90.8757204035353,28.9,C
N1,1000490,bridge,ILLIOT BAZER,23.510087758207,90.8757204035353,28.9,B
N1,1000491,link,Km post Missing,23.5088056,90.8778604,974.6754869964847,Z
N1,1000492,link,"Z1042, road to Bancharampur",23.5126667,90.871416,784.9238906626578,Z
N1,1000493,link,Bridge end,23.5131111,90.8706382,93.44168725289113,Z
N1,1000494,link,Km post Missing,23.5135833,90.8697771,102.30185040849516,Z
N1,1000495,link,Km post Missing,23.5170827,90.8607778,996.6706086940093,Z
N1,1000496,link,Km post Missing,23.5174993,90.8513889,958.4034218102415,Z
N1,1000497,bridge,AITAL BANGA BOX CULVERT,23.5229166652,90.8442186132,4.5,C
N1,1000498,link,Km post Missing,23.523166,90.8438886,990.8639268367739,Z
N1,1000499,link,Box culvert,23.5270549,90.8391386,649.2427190403292,Z
N1,1000500,link,Km post Missing,23.5292216,90.8365274,359.04734284247314,Z
N1,1000501,bridge,RAIPUR BOX CULVERT,23.5329743291,90.8309774761999,12.2,A
N1,1000502,link,Km post Missing,23.5344997,90.8287216,988.7977769494631,Z
N1,1000503,link,Bridge end,23.5347219,90.8251104,368.9742121447248,Z
N1,1000504,link,Bridge start,23.5346663,90.8249716,15.441705823207093,Z
N1,1000505,link,Km post Missing,23.5332493,90.8194716,582.4215217731966,Z
N1,1000506,bridge,Ginlatoly bridge,23.5318234765,90.8110155135,15.9,A
N1,1000507,bridge,Ginlatoly,23.5318234765,90.8110155135,15.9,C
N1,1000508,link,Km post Missing,23.5316382,90.8099167,990.4327042578484,Z
N1,1000509,link,Bridge end,23.530916,90.8043611,572.0481802716927,Z
N1,1000510,link,Bridge start,23.5308882,90.8041389,22.86289727359648,Z
N1,1000511,link,Km post Missing,23.5308604,90.8002222,399.3137356033316,Z
N1,1000512,bridge,AMIRABATH SLAB CULVERT,23.5308683409424,90.7918075171727,6.5,C
N1,1000513,link,Km post Missing,23.531166,90.7907219,969.1364370109754,Z
N1,1000514,link,Box culvert,23.5312216,90.7895552,119.10361749719658,Z
N1,1000515,link,"Z1053, Road to Homna",23.530666,90.7821938,753.0220141034112,Z
N1,1000516,bridge,SARKAR BARI CULVERT,23.5307655282208,90.7800797251533,3.9,C
N1,1000517,link,Km post Missing,23.5308049,90.7811104,111.52579256260603,Z
N1,1000518,link,Box culvert,23.5304993,90.7731104,816.2971395368643,Z
N1,1000519,link,Km post Missing,23.5304438,90.7713049,184.17204190981315,Z
N1,1000520,bridge,SHAHID NAGIR,23.5298050611,90.75825325,16.5,C
N1,1000521,bridge,Shahid Nagor Bridge,23.5298050611,90.75825325,16.5,C
N1,1000522,link,Km post Missing,23.5299993,90.7615,1000.8212223392185,Z
N1,1000523,link,Km post broken,23.529416,90.75175,996.120732388879,Z
N1,1000524,link,Bridge end,23.5293882,90.7515833,17.27385160501502,Z
N1,1000525,link,Bridge start,23.5293882,90.7514167,16.984815347592424,Z
N1,1000526,link,Ctg 214 km,23.5289993,90.7419441,966.6975936601124,Z
N1,1000527,link,Km post missing,23.528916,90.7356108,645.7464039513079,Z
N1,1000528,bridge,MAIS PARA BOX CULVERT,23.5317587831999,90.7291780095,6.0,B
N1,1000529,link,Km post missing,23.5327216,90.7269993,974.5914295398586,Z
N1,1000530,bridge,Baldhakhal Bridge,23.5324186,90.7242807234,23.1,C
N1,1000531,bridge,BALDHA KHAL RCC GIDER BRIDGE,23.5324186,90.7242807234,21.8,C
N1,1000532,link,Box culvert,23.5322346,90.7226298386,448.7341273340534,Z
N1,1000533,link,Km post missing,23.5317216,90.7180271,472.69295567171565,Z
N1,1000534,link,Bridge end,23.5315827,90.7176104,45.202233052346365,Z
N1,1000535,link,Bridge start,23.5315271,90.7173604,26.226124775593274,Z
N1,1000536,link,Road to Matlab (Z1062),23.5314716,90.7172216,15.437572202944375,Z
N1,1000537,link,Start of Comilla road Division / Start of Comilla road Division,23.5313882,90.7153611,189.90099233180374,Z
N1,1000538,link,Daudkandi bridge,23.5307771,90.7090278,649.2353398515058,Z
N1,1000539,link,Km post missing,23.5307493,90.7082778,76.52391606025067,Z
N1,1000540,bridge,Daudkandi Bridge.,23.5303844733,90.7024402743,1408.8,A
N1,1000541,bridge,Daud Kandi Bridge,23.5303844733,90.7024402743,1408.8,C
N1,1000542,link,Km post missing,23.5301382,90.6984997,999.1793484209823,Z
N1,1000543,bridge,Baushia bazar Bridge( L ),23.5313996605222,90.68744892596,25.45,A
N1,1000544,bridge,Baushia bazar Bridge ( R ),23.5313996605222,90.68744892596,25.45,A
N1,1000545,bridge,CHAR BOUSHEA (2),23.5301519626506,90.6897951837349,8.4,A
N1,1000546,bridge,BORAKANDI BRIDGE(L),23.5313996605222,90.68744892596,24.5,B
N1,1000547,bridge,CHAR BOWSHIA BRIDGE(R),23.5313996605222,90.68744892596,24.5,B
N1,1000548,link,Km post missing,23.5301938,90.688833,985.5304603299526,Z
N1,1000549,bridge,.,23.5327751898617,90.6858701078341,9.5,A
N1,1000550,link,Box culvert,23.5341386,90.6843052,636.7725463881355,Z
N1,1000551,link,Bridge end,23.5358608,90.6823604,275.64566979617973,Z
N1,1000552,bridge,BOCTAR KANDI BOX CULVERT,23.5393910168,90.6784577888,5.1,C
N1,1000553,link,Km post missing,23.5362497,90.681916,62.629730540169774,Z
N1,1000554,bridge,Madhya Baushia Bridge(L),23.54268543125,90.6748292125,72.49,A
N1,1000555,bridge,MADHAYA BAUSHIA BRIDGE(R),23.54268543125,90.6748292125,59.2,A
N1,1000556,bridge,MADHAYA BAUSHIA(L),23.54268543125,90.6748292125,70.0,A
N1,1000557,bridge,Madhya Baushia Bridge(R),23.54268543125,90.6748292125,59.83,A
N1,1000558,link,Km post missing,23.542583,90.6749438,1000.5597793993171,Z
N1,1000559,link,Box culvert,23.5442219,90.6731104,261.0365010090473,Z
N1,1000560,bridge,PURRANBUICHE BOX CULVERT,23.5477377446428,90.6690554098214,9.1,A
N1,1000561,bridge,NOYAPARA,23.5476246437499,90.669192065625,5.2,A
N1,1000562,link,"Ctg 227 km,Comilla 60 km",23.5487497,90.6678327,736.8266378167262,Z
N1,1000563,bridge,Baushia Bridge(R),23.5517421907216,90.6643538752577,29.87,A
N1,1000564,bridge,Baushia Bridge(L),23.5517421907216,90.6643538752577,29.9,A
N1,1000565,bridge,BOBARCHAR BRIDGE(L),23.5517421907216,90.6643538752577,28.9,A
N1,1000566,bridge,BOBAIRCHAR BRIDGE(R),23.5517421907216,90.6643538752577,28.9,A
N1,1000567,link,"Ctg 228 km,Comilla 61 km",23.5538056,90.6619722,820.3151244014928,Z
N1,1000568,bridge,Bhaber char Bridge(R),23.5557082901265,90.6597414245569,29.85,A
N1,1000569,bridge,Bhaber char Bridge(L),23.5557082901265,90.6597414245569,29.83,A
N1,1000570,bridge,VOBAR CHAR (L),23.5557082901265,90.6597414245569,29.0,A
N1,1000571,bridge,VOBAR CHAR BRIDGE(R),23.5557082901265,90.6597414245569,29.0,A
N1,1000572,link,Bridge end,23.5562222,90.6591389,394.4757994465984,Z
N1,1000573,link,Bridge start,23.5564444,90.6588611,37.57987009675392,Z
N1,1000574,bridge,Alipur bridge(R),23.5591910296296,90.6557475703703,27.4,A
N1,1000575,bridge,Alipur bridge(L),23.5591910296296,90.6557475703703,27.4,A
N1,1000576,bridge,ALI PURA P.C BRIDGE (RIGHT),23.5591910296296,90.6557475703703,26.3,A
N1,1000577,bridge,ALIPURA BRIDGE (LEFT),23.5591910296296,90.6557475703703,26.3,B
N1,1000578,link,"Ctg 229 km,Comilla 62 km",23.5599722,90.6548056,569.8685429996291,Z
N1,1000579,link,Bridge end,23.5602222,90.6545,41.74926698278105,Z
N1,1000580,link,Bridge start,23.5604167,90.6542222,35.62978828479482,Z
N1,1000581,link,Bridge end,23.5636944,90.6504722,528.1316320231521,Z
N1,1000582,bridge,VITIKANDA - ANAR PUR CULVERT,23.5660033956521,90.6486237247282,34.7,A
N1,1000583,link,Km post missing,23.5666111,90.6481663,400.52486450991546,Z
N1,1000584,bridge,Anarpara Bridge (L),23.5716306256965,90.6454159236842,29.85,A
N1,1000585,bridge,Anarpara Bridge (R),23.5716306256965,90.6454159236842,29.77,A
N1,1000586,bridge,ANARPUR BRIDGE(R),23.5716306256965,90.6454159236842,29.0,A
N1,1000587,bridge,ANAR PURA BRIDGE(L),23.5716306256965,90.6454159236842,29.0,A
N1,1000588,link,Information missing,23.5745271,90.6436941,991.229549916019,Z
N1,1000589,bridge,Bhater char Bridge (L),23.5779800248475,90.6419193089939,172.1,A
N1,1000590,bridge,Bhater char Bridge (R),23.5779800248475,90.6419193089939,173.25,A
N1,1000591,bridge,BHATIR CHAR BRIDGE,23.5779800248475,90.6419193089939,163.5,A
N1,1000592,link,Bridge end,23.5776104,90.6421108,378.9211042262499,Z
N1,1000593,link,Km post missing,23.5828327,90.6378886,722.7380123170756,Z
N1,1000594,bridge,BAILAKANDI CULVERT,23.5908088547468,90.6302368598101,5.5,A
N1,1000595,bridge,MALUAKANDI CULVEDRT,23.58631812254,90.6345094207093,5.6,A
N1,1000596,link,Km post missing,23.5896108,90.6313882,1003.4235220250764,Z
N1,1000597,bridge,TATULTALA CULVERT,23.5929818827893,90.6279699370919,5.6,A
N1,1000598,link,Km post missing,23.5959997,90.624666,986.86659528775,Z
N1,1000599,bridge,Meghna Bridge,23.6027595885583,90.6155316965675,924.85,A
N1,1000600,bridge,MEGHNA BRIDGE,23.6027595885583,90.6155316965675,900.0,C
N1,1000601,link,Km post missing,23.6009444,90.6165556,992.6100492034146,Z
N1,1000602,link,Km post missing,23.609,90.6124722,987.6542345934101,Z
N1,1000603,bridge,ASHIR CHAR (Right),23.6176407964705,90.6095506105882,224.8,A
N1,1000604,bridge,Asharirchar-2 Bridge.(R),23.613587384385,90.6109029561497,119.32,A
N1,1000605,bridge,Ashariachar-2 Bridge.(L),23.613587384385,90.6109029561497,119.48,A
N1,1000606,bridge,ASHARIR CHAR (L),23.613587384385,90.6109029561497,120.1,A
N1,1000607,bridge,ASHIR CHAR ( Left),23.6176407964705,90.6095506105882,213.5,B
N1,1000608,bridge,Ashariarchar Bridge(L),23.6176407964705,90.6095506105882,214.09,B
N1,1000609,bridge,Ashariarchar Bridge(R),23.6176407964705,90.6095506105882,224.82,B
N1,1000610,bridge,ASHIR CHAR (R),23.613587384385,90.6109029561497,116.8,B
N1,1000611,link,Km post missing,23.6173604,90.6096944,971.7597830714124,Z
N1,1000612,bridge,SANGAKADI CULVERT,23.6198832229508,90.6083528852459,5.5,B
N1,1000613,link,Bridge end,23.6195271,90.6085833,266.19444534237266,Z
N1,1000614,link,Bridge start,23.6204716,90.6079722,122.09043705573525,Z
N1,1000615,link,Bridge end,23.6224993,90.6066944,260.3526798777434,Z
N1,1000616,link,"Ctg 238 km,Comilla 71 km",23.6252216,90.6049722,349.87725853965713,Z
N1,1000617,bridge,Marikhali Bridge(L),23.6284668507692,90.6023015723077,86.92,A
N1,1000618,bridge,Marikhali Bridge(R),23.6284668507692,90.6023015723077,89.75,A
N1,1000619,bridge,MARIKHALL BRIDGE,23.6284668507692,90.6023015723077,89.2,A
N1,1000620,link,Box culvert,23.6262771,90.6042222,140.0454769284704,Z
N1,1000621,link,Km post missing,23.6330549,90.5982774,966.8295701797119,Z
N1,1000622,bridge,SHADIPUR BOX CULVERT,23.63380522,90.597394085,10.4,B
N1,1000623,link,Bridge end,23.6335552,90.5976941,81.3974601356099,Z
N1,1000624,bridge,KRIBORDI BOX CULVERT,23.6379543715384,90.5936673976923,6.0,A
N1,1000625,link,Km post missing,23.6396941,90.5927219,850.0029513391652,Z
N1,1000626,bridge,Sonakhal Bridge(L),23.6497543993548,90.5845490085483,25.5,A
N1,1000627,bridge,MOLLIK PARA BRIDGE (R),23.6459685949152,90.5892119813559,40.5,C
N1,1000628,bridge,SONARKALI BRIDGE(L),23.6497543993548,90.5845490085483,24.5,B
N1,1000629,bridge,Sonakhal Bridge(R),23.6497543993548,90.5845490085483,25.5,B
N1,1000630,bridge,SONARKALI BRIDGE(R),23.6497543993548,90.5845490085483,24.5,B
N1,1000631,bridge,MOLLIK PARA P.C(L),23.6459685949152,90.5892119813559,40.5,B
N1,1000632,bridge,Mollik para Bridge(R),23.6459685949152,90.5892119813559,40.33,B
N1,1000633,bridge,Mollik para Bridge(L),23.6459685949152,90.5892119813559,40.4,B
N1,1000634,link,Km post missing,23.6476108,90.588083,999.0997482653573,Z
N1,1000635,bridge,DARIKANDI BRIDGE (R),23.6515705663716,90.5814943946902,20.0,B
N1,1000636,bridge,DARIKANDI BRIDGE (L),23.6515705663716,90.5814943946902,20.0,B
N1,1000637,link,Km post missing,23.6525278,90.5798882,997.8158590814521,Z
N1,1000638,bridge,Darikandi Bridge (R),23.65397226,90.57741042,20.45,A
N1,1000639,bridge,Darikandi Bridge (L),23.65397226,90.57741042,20.5,A
N1,1000640,link,Bridge end,23.6539167,90.5774993,288.19237552460964,Z
N1,1000641,bridge,Langalbandh Bridge.,23.6544257051136,90.576730225,159.52,C
N1,1000642,bridge,LANGOLBANDO PC GIDER BRIDGE,23.6544257051136,90.576730225,159.5,B
N1,1000643,link,Bridge start,23.6540556,90.5772771,27.39966637372466,Z
N1,1000644,link,Bridge start,23.6559722,90.5743327,367.9055732974519,Z
N1,1000645,link,Km post missing,23.6575,90.5719716,294.433324921286,Z
N1,1000646,link,Bridge end,23.6583056,90.5709993,133.53275307607655,Z
N1,1000647,link,Langalbandhu bridge,23.6591111,90.5697216,157.97743900596222,Z
N1,1000648,bridge,MALIBAG BOX CULVERT,23.6633090696149,90.563856994797,5.55,B
N1,1000649,link,Km post missing,23.6628333,90.5641111,705.56360660253,Z
N1,1000650,link,Box culvert,23.6705827,90.5599722,959.2673575941503,Z
N1,1000651,link,Km post missing,23.670916,90.5597778,42.01767713723629,Z
N1,1000652,bridge,KAWTALA BOX CULVERT,23.6778035,90.5558194349999,11.9,A
N1,1000653,link,Km post missing,23.678166,90.5556111,911.0157935927297,Z
N1,1000654,bridge,KHAS PARA BOX CULVERT,23.6884123260204,90.5485585290816,9.3,A
N1,1000655,bridge,DAWAN BAG BOX CULVERT,23.6883197331632,90.548649807653,6.1,A
N1,1000656,bridge,Madanpur Bridge.(L),23.685583027027,90.551207981081,27.5,A
N1,1000657,bridge,MADAN PUR (R),23.685583027027,90.551207981081,26.3,A
N1,1000658,bridge,MADANPUR BRIDGE(L),23.685583027027,90.551207981081,26.3,A
N1,1000659,bridge,Madanpur Bridge(R),23.6853619779342,90.5513591765258,27.5,A
N1,1000660,link,"Ctg 247 km,Comilla 80 km",23.6865274,90.5504167,1069.6795109792902,Z
N1,1000661,bridge,NAYABARI BOX CULVERT,23.6909119315151,90.5454624957575,10.6,B
N1,1000662,link,Right to Syedpur (R113) left to Joydebpur N105),23.6904163,90.546583,582.5643983631892,Z
N1,1000663,link,"Chittagong 248 km,Comilla 81 km",23.6918052,90.5426108,432.9472963449717,Z
N1,1000664,bridge,NAYABARI KASPUR BOX CULVERT,23.6923601518691,90.5409183897196,8.3,A
N1,1000665,link,Box culvert,23.6922774,90.5410552,166.87202628241414,Z
N1,1000666,bridge,NOYAPARA CULVERT,23.6943906141361,90.5375740774869,6.3,A
N1,1000667,bridge,ADUPUR CULVERT,23.6943023869158,90.5377073719626,6.3,A
N1,1000668,bridge,KATCHPUR BOX CULVERT,23.6964000869109,90.5350989801047,8.0,B
N1,1000669,link,Km post missing,23.6966386,90.5348052,800.0962174073829,Z
N1,1000670,link,Km post missing,23.7025278,90.5273882,999.5615482722807,Z
N1,1000671,bridge,Kanch pur Bridge.,23.7050598925675,90.5232141463513,394.23,A
N1,1000672,bridge,KANCHPUR PC GIRDER BRIDGE,23.7050598925675,90.5232141463513,397.0,C
N1,1000673,link,Road to Sylhet (N2),23.7060833,90.5215271,715.8234620677351,Z
N1,1000674,link,"Chittagong 251 km,Comilla 84 km",23.7050278,90.5193327,252.36946045475614,Z
N1,1000675,link,Kachpur bridge,23.7021111,90.5157778,485.9887889132313,Z
N1,1000676,link,Km post missing,23.7020556,90.5157222,8.374447823459546,Z
N1,1000677,link,"R110,Left to Demra, Right to Narayanganj",23.6979163,90.5092778,801.4862570529496,Z
N1,1000678,link,Km post missing,23.697333,90.50775,168.53898668335293,Z
N1,1000679,link,Km post missing,23.6959163,90.4981941,985.6484858359535,Z
N1,1000680,bridge,.,23.6946638363636,90.4877749181818,6.6,A
N1,1000681,link,Km post missing,23.6947497,90.4884997,995.5775426080628,Z
N1,1000682,link,Road to Narayanganj(R111),23.6938052,90.4805271,818.5475551253593,Z
N1,1000683,link,Km post missing,23.6936108,90.4787771,179.4947626122105,Z
N1,1000684,link,Km post missing,23.693833,90.4691382,981.7623664865629,Z
N1,1000685,link,Box culvert,23.6973608,90.4616667,855.9331288747024,Z
N1,1000686,bridge,.,23.69873866,90.4588610799999,11.3,A
N1,1000687,link,Km post missing,23.6978886,90.4605833,124.9511349928914,Z
N1,1000688,link,Km post missing,23.7021389,90.4519722,996.0240984262011,Z
N1,1000689,link,Intersection with Z1101,23.7027778,90.4504722,168.43765539833993,Z
N1,1000690,link,Box Culvert,23.7029167,90.4504167,16.446213037942602,Z
N1,1000691,sink,Dhaka,23.7060278,90.443333,799.891790677236,Z
